study_hours,sleep_hours,exercise,screen_time,consistency,procrastination,goal_clarity,target
6.85,6.27,1,2.22,6,4,8,High
2.95,6.53,0,2.68,8,1,8,High
2.24,5.71,1,7.87,5,8,7,Negative
7.6,8.72,1,0.9,7,6,9,High
5.82,6.27,1,5.18,7,5,6,High
6.16,9.98,1,3.14,6,2,7,High
7.23,7.72,1,2.24,7,5,7,High
3.72,6.89,1,6.68,8,4,8,High
2.55,6.69,1,7.27,7,4,8,High
9.78,7.52,1,1.69,9,2,8,High
1.57,10.0,1,5.61,2,5,5,Negative
9.09,7.22,1,1.71,7,3,10,High
5.86,5.12,0,5.59,7,5,8,High
6.21,6.6,0,1.97,7,6,6,High
7.87,6.45,0,6.59,10,1,8,High
5.2,6.19,1,1.95,9,3,8,High
6.74,5.2,1,5.64,5,6,8,High
4.54,7.22,0,5.76,6,5,10,High
7.71,6.65,0,8.19,6,7,3,Average
7.48,6.79,1,6.36,5,3,5,High
2.78,6.59,1,9.89,4,5,5,Negative
2.46,5.39,1,5.0,4,3,4,Average
6.54,5.85,0,3.84,5,3,7,High
7.41,7.54,1,2.86,10,2,8,High
3.03,7.23,0,3.48,8,3,7,High
3.94,6.51,1,4.68,6,5,8,High
5.14,8.13,1,3.67,10,3,10,High
1.98,6.85,0,4.95,4,6,3,Negative
4.11,7.07,1,2.18,8,3,8,High
2.65,5.62,0,8.23,3,6,4,Negative
2.92,6.56,0,7.67,2,6,4,Negative
2.27,5.93,1,2.54,4,7,3,Negative
6.78,5.66,1,10.19,2,7,6,Average
3.28,5.27,0,4.13,4,6,4,Negative
0.58,6.6,0,8.34,4,8,4,Negative
6.79,7.2,1,6.05,5,5,8,High
6.79,6.35,1,2.35,8,4,9,High
3.65,7.54,0,3.98,3,4,6,Average
3.39,8.76,0,5.35,5,3,10,High
3.71,5.44,1,2.82,4,6,6,Average
4.15,6.79,1,4.91,5,4,7,High
7.41,7.07,0,2.08,8,1,8,High
6.13,6.26,0,5.07,5,5,6,Average
2.41,5.14,0,7.65,4,4,4,Negative
7.89,5.02,0,4.53,5,7,7,Average
6.58,7.48,1,2.31,9,3,9,High
6.12,6.41,0,9.19,5,3,7,High
5.64,7.3,1,3.93,6,4,7,High
6.23,8.7,1,6.06,9,3,8,High
3.68,6.32,1,7.6,7,3,8,High
6.13,8.01,0,6.22,7,4,9,High
3.84,8.1,0,6.87,5,10,4,Negative
4.41,6.7,0,5.5,4,5,3,Average
4.66,6.75,1,10.23,4,6,7,Average
6.37,5.82,1,7.0,4,4,6,Average
5.89,7.76,1,5.0,6,2,7,High
7.09,7.96,1,6.29,9,2,6,High
4.44,8.14,1,7.53,6,5,6,Average
3.35,7.76,1,2.79,6,3,7,High
7.3,7.22,1,4.29,7,1,8,High
2.35,7.04,0,7.46,6,6,8,Average
7.99,8.94,1,4.39,10,3,9,High
4.7,7.83,0,6.45,6,4,4,Average
2.84,5.65,0,5.2,5,6,3,Negative
8.47,5.46,0,7.33,6,3,7,High
2.34,4.41,0,5.53,6,7,5,Negative
7.19,5.41,0,4.28,7,5,8,High
2.01,3.64,1,6.26,4,3,7,Average
2.92,4.27,0,5.07,3,5,7,Average
6.14,6.96,0,7.55,6,10,7,Average
7.5,6.88,1,8.03,1,7,4,Average
8.64,7.39,1,4.8,8,1,9,High
2.4,4.65,1,3.66,7,8,6,Average
4.76,6.27,0,6.15,7,4,6,High
3.33,7.44,1,9.49,5,7,3,Negative
7.06,7.43,0,5.21,6,8,3,Average
3.75,4.54,0,4.89,2,3,3,Negative
3.1,7.77,1,2.7,5,6,7,Average
6.31,7.43,1,3.13,9,5,10,High
4.09,4.63,0,4.02,5,10,7,Negative
3.06,6.34,0,5.24,5,5,3,Average
0.61,5.9,0,7.09,3,6,7,Negative
4.54,10.0,1,4.96,7,3,7,High
5.03,6.24,1,5.79,4,6,6,Average
3.53,5.98,1,3.38,7,4,8,High
0.73,6.92,0,9.93,3,8,6,Negative
7.41,7.19,1,0.85,9,1,10,High
4.75,6.53,0,9.7,5,6,2,Negative
5.51,5.8,1,6.12,5,3,6,High
2.5,9.38,1,6.37,8,1,8,High
6.98,5.69,0,4.56,6,2,7,High
1.98,8.72,1,4.95,5,4,8,Average
6.22,7.68,0,5.68,6,4,8,High
4.84,5.06,0,4.64,8,2,7,High
3.77,6.37,1,2.81,7,3,7,High
7.26,7.54,0,5.38,8,7,8,High
6.69,7.46,1,1.65,9,4,8,High
5.13,7.08,1,7.88,8,6,6,High
6.99,8.68,0,6.36,6,3,6,High
7.68,5.82,1,2.49,10,4,8,High
8.39,7.67,0,5.4,6,4,4,High
1.28,5.73,1,7.07,4,6,7,Average
6.32,7.47,0,3.62,8,2,7,High
8.36,8.74,1,5.88,6,9,9,High
3.99,7.51,0,4.91,7,2,5,High
4.42,6.56,0,4.31,7,1,10,High
5.95,7.63,0,5.27,3,7,5,Average
2.65,7.59,0,12.0,3,7,7,Negative
0.42,4.26,0,10.36,4,8,4,Negative
4.11,6.6,0,8.57,3,6,7,Average
6.37,6.22,0,9.49,5,5,3,Average
5.71,8.2,1,6.16,6,1,10,High
6.69,7.12,0,7.2,4,7,10,High
5.7,5.61,0,5.37,6,6,8,High
8.24,6.99,0,8.81,6,5,7,High
6.35,5.79,0,7.22,6,6,3,Average
4.13,8.29,1,2.68,6,6,6,High
8.07,10.0,0,9.9,2,5,6,Average
2.96,7.64,0,7.66,8,4,5,Average
6.74,7.47,0,4.37,8,5,7,High
3.85,5.25,0,4.4,6,3,9,High
6.13,7.45,0,5.24,8,7,7,High
6.24,6.48,0,6.22,5,6,6,Average
5.34,6.73,1,6.48,5,9,7,Average
5.46,6.22,1,7.96,5,7,7,Average
4.88,5.39,1,4.36,5,5,5,Average
7.17,4.79,0,8.35,3,5,7,Average
6.33,6.8,1,4.75,7,5,6,High
5.15,5.75,1,6.19,8,1,10,High
6.18,6.23,1,3.51,7,2,8,High
6.36,7.24,1,3.97,10,3,9,High
7.22,8.97,1,7.05,6,1,6,High
6.64,5.32,0,3.9,8,5,8,High
7.65,6.38,1,5.27,4,5,6,High
0.0,6.85,0,6.13,3,8,3,Negative
4.67,8.28,0,4.71,6,8,5,Average
5.85,7.09,0,6.95,6,7,6,Average
7.22,8.26,1,2.54,8,1,9,High
6.47,6.49,1,4.05,7,3,5,High
4.76,5.21,1,6.02,8,8,6,Average
6.76,7.72,0,10.99,2,2,5,Average
7.97,6.62,1,4.66,6,3,8,High
6.72,4.78,0,4.58,6,7,4,Average
3.76,6.22,1,5.49,4,7,5,Average
5.4,6.72,1,2.22,8,1,9,High
3.75,5.97,0,10.47,7,7,3,Negative
3.0,7.53,0,4.12,6,4,7,High
5.63,6.52,0,8.17,4,3,4,Average
4.09,6.6,1,4.12,5,4,7,High
4.56,5.2,1,2.96,6,3,6,High
6.23,8.37,1,2.38,6,7,7,High
9.25,7.49,1,5.57,4,4,9,High
5.69,7.63,1,5.39,7,1,8,High
6.69,7.26,1,4.5,7,1,4,High
0.45,5.83,0,7.53,5,6,5,Negative
5.41,6.97,1,6.43,5,4,5,High
5.14,7.17,0,0.52,6,4,6,High
6.82,6.78,0,5.09,7,4,7,High
6.62,6.68,1,1.77,7,3,8,High
5.69,6.29,1,3.35,9,3,10,High
3.2,8.19,0,6.87,5,7,6,Average
6.1,6.14,0,6.73,3,5,7,Average
7.16,7.72,1,2.74,8,3,10,High
8.7,4.89,1,8.05,3,4,5,Average
5.94,7.39,0,9.41,5,6,9,Average
5.3,4.64,0,6.47,7,4,7,High
8.34,6.59,0,7.52,5,6,7,High
6.57,7.19,1,4.83,7,2,8,High
5.52,6.69,1,4.01,10,3,8,High
5.68,6.91,0,3.83,2,5,5,Average
6.96,8.0,1,7.21,5,6,4,Average
7.43,7.78,1,4.34,7,3,5,High
6.51,9.68,1,1.57,6,1,8,High
4.67,6.02,0,7.31,7,6,6,Average
5.02,7.04,0,3.83,8,5,5,High
4.12,6.13,0,7.86,8,7,6,Average
5.07,6.4,0,6.97,7,5,7,High
8.52,7.86,1,3.97,8,1,9,High
8.58,6.47,0,0.89,8,1,7,High
8.84,7.25,1,4.7,9,4,8,High
7.44,6.33,0,5.2,5,4,3,Average
4.45,4.25,0,10.83,3,5,5,Negative
7.15,6.99,1,1.6,8,4,10,High
7.6,8.81,0,5.75,8,6,7,High
7.18,7.54,1,3.49,7,1,10,High
8.07,7.11,1,3.56,8,3,10,High
6.22,6.67,0,5.42,8,3,8,High
6.97,7.4,1,5.16,6,3,8,High
6.41,6.4,1,2.01,8,4,10,High
5.3,4.92,0,6.45,6,6,6,Average
6.58,6.87,1,3.44,10,4,9,High
7.63,7.19,1,2.61,7,1,10,High
2.7,4.92,0,8.24,6,5,2,Negative
7.3,5.44,1,4.87,4,8,7,Average
7.25,8.06,1,3.26,9,1,7,High
7.11,5.09,0,5.62,7,8,4,Average
7.96,8.19,1,5.26,6,5,8,High
6.14,7.91,1,1.32,10,3,8,High
6.4,6.95,1,4.67,9,1,8,High
5.72,7.41,1,1.66,8,4,9,High
4.45,5.82,1,6.82,5,7,4,Average
5.36,7.72,1,6.5,3,6,7,Average
4.1,4.9,0,6.52,8,7,5,Average
6.56,4.5,0,7.58,4,4,3,Average
6.38,7.37,0,6.57,6,8,5,Average
7.19,7.84,1,4.52,6,1,3,High
6.55,6.68,0,5.73,6,2,9,High
4.67,7.76,0,6.07,5,6,7,Average
5.83,7.26,1,3.45,7,4,10,High
5.06,6.82,0,7.42,6,8,5,Average
4.33,4.92,1,4.95,6,7,5,Average
5.96,5.71,0,7.7,6,7,7,Average
4.44,7.38,1,6.74,7,6,6,High
5.17,6.4,1,4.84,6,5,8,High
7.59,6.17,1,10.26,4,5,8,High
5.99,7.29,1,5.05,5,5,8,High
2.19,8.96,0,3.69,3,6,5,Negative
8.47,7.67,1,2.4,8,3,8,High
3.14,4.56,0,5.99,7,5,7,Average
2.41,7.8,1,8.8,5,6,9,Average
4.37,4.15,0,6.02,4,6,5,Negative
4.04,7.22,1,5.36,7,3,6,High
8.81,8.17,1,1.59,9,1,8,High
4.06,7.0,1,5.16,5,5,6,Average
7.67,6.25,1,3.64,5,4,2,High
0.1,4.31,1,7.76,2,7,6,Negative
4.4,8.18,0,5.45,3,7,7,Average
4.67,6.38,0,5.97,4,5,6,Average
8.53,6.74,1,4.12,10,3,8,High
7.21,8.37,1,2.49,6,1,8,High
3.27,6.83,1,6.01,5,7,7,Average
7.38,8.63,1,1.18,9,1,7,High
3.99,6.23,1,9.22,3,7,5,Negative
7.42,8.47,0,6.63,8,3,8,High
7.59,7.71,1,4.09,8,1,9,High
4.54,6.49,1,3.36,9,2,7,High
3.74,6.62,0,7.75,6,5,6,Average
4.88,5.02,0,8.85,6,9,6,Negative
5.17,6.89,0,5.26,5,6,6,Average
9.29,4.77,0,3.76,4,4,4,High
5.63,6.77,1,3.99,8,4,8,High
6.77,8.18,1,4.38,9,2,10,High
1.48,6.1,1,6.02,5,9,5,Negative
6.06,6.51,0,4.6,8,1,6,High
8.26,5.94,0,7.57,8,6,4,High
7.16,6.88,1,3.98,6,4,6,High
3.27,4.81,1,4.57,4,4,6,Average
2.66,5.4,0,6.58,6,6,6,Average
2.76,5.4,1,7.5,1,3,3,Negative
5.37,6.8,1,2.11,5,6,8,High
5.33,4.71,0,5.56,7,5,5,Average
3.15,6.54,1,11.32,4,7,9,Average
6.81,8.06,1,4.78,6,6,4,High
2.98,5.74,0,10.77,5,7,6,Negative
2.14,6.36,1,8.02,3,7,5,Negative
8.22,7.44,0,7.0,5,4,6,High
7.14,5.71,0,3.82,6,6,7,High
4.29,7.58,1,9.14,3,5,5,Average
10.0,8.14,1,2.14,8,4,10,High
6.81,8.07,1,3.97,8,3,7,High
4.44,9.11,0,9.75,7,2,5,Average
5.84,8.87,1,6.33,5,2,3,High
9.07,6.98,0,4.11,7,7,6,High
8.4,5.97,0,7.44,8,4,4,High
6.09,5.54,0,3.86,8,6,9,High
5.42,8.1,1,5.39,4,5,4,Average
6.42,7.54,1,5.69,8,2,10,High
4.63,8.19,1,7.14,8,6,4,Average
6.55,7.45,0,5.53,7,2,8,High
6.9,6.57,1,4.75,9,2,10,High
6.51,8.1,1,3.22,7,2,8,High
4.17,7.86,1,3.86,6,2,7,High
8.95,5.86,0,6.58,5,4,9,High
2.64,3.28,1,6.2,6,6,5,Average
6.77,8.16,0,3.57,7,2,10,High
5.76,6.3,1,4.99,6,1,8,High
1.73,5.01,1,8.19,4,6,6,Negative
5.24,5.38,0,7.76,8,8,6,Average
4.95,7.63,1,8.56,4,7,4,Average
3.68,9.06,1,11.29,8,7,4,Average
4.99,7.08,0,6.34,7,3,6,High
5.26,6.42,0,9.86,8,1,4,High
8.99,5.29,0,7.63,4,2,5,High
8.54,5.61,1,4.19,5,4,8,High
5.02,7.05,1,5.86,5,3,4,High
6.94,4.68,1,8.97,5,3,3,Average
6.57,8.82,1,2.7,8,3,8,High
7.54,10.0,1,5.55,6,1,9,High
6.97,5.22,1,5.02,6,6,5,High
4.07,7.79,1,7.32,6,6,8,High
3.23,8.63,1,6.09,7,5,8,High
4.27,8.52,1,3.13,4,4,8,High
9.12,7.23,1,3.46,9,2,8,High
4.42,8.12,0,6.72,3,7,6,Average
1.34,8.47,1,7.87,2,8,4,Negative
7.64,5.16,1,6.93,4,1,3,High
4.96,8.55,0,5.58,7,6,8,High
7.64,6.96,1,3.84,4,3,9,High
6.78,7.49,0,6.25,4,5,8,High
3.48,8.34,0,5.85,10,5,5,High
9.11,6.94,1,4.43,8,1,8,High
2.85,9.99,1,7.36,7,1,6,High
4.69,7.59,1,6.3,8,4,10,High
3.32,4.69,0,6.41,4,5,3,Negative
6.81,5.98,0,6.71,6,5,2,Average
6.48,5.08,0,5.24,4,4,5,Average
6.25,4.5,0,10.81,4,7,5,Negative
2.19,5.06,0,6.07,5,7,5,Negative
5.09,6.59,1,3.9,5,4,6,High
6.85,7.86,1,2.57,9,3,5,High
5.48,6.84,1,4.44,8,2,10,High
5.31,6.71,1,8.2,8,6,8,High
6.41,7.09,0,2.89,9,1,10,High
2.2,3.47,0,5.65,6,3,7,Average
7.26,8.87,1,4.12,5,4,8,High
7.66,9.46,1,7.85,8,3,8,High
8.14,8.09,1,3.01,7,4,9,High
5.83,6.03,0,6.16,3,3,8,High
9.1,7.65,1,3.82,4,3,7,High
1.72,7.71,1,5.5,5,5,6,Average
7.3,8.28,0,4.81,9,6,4,High
5.1,7.16,1,7.34,6,6,7,High
7.17,7.73,1,3.56,5,3,7,High
1.91,6.75,0,9.71,4,7,6,Negative
3.05,6.04,1,5.49,7,4,8,High
4.05,7.88,0,6.66,2,10,6,Negative
8.63,7.4,1,3.7,7,6,6,High
6.17,6.79,0,4.49,3,3,3,Average
4.85,7.25,0,5.62,8,4,8,High
6.64,6.75,1,7.69,5,6,8,High
6.07,7.33,0,3.92,5,2,7,High
5.75,8.9,1,5.95,8,6,7,High
5.0,6.57,1,5.44,5,8,2,Negative
7.48,7.49,1,2.52,8,2,9,High
3.6,7.78,1,4.86,6,8,7,Average
1.22,8.52,1,5.92,3,7,6,Negative
5.92,7.65,1,6.51,4,3,6,High
7.7,7.08,1,2.61,9,1,8,High
6.84,8.3,1,2.08,7,3,9,High
7.81,7.25,0,4.37,4,7,7,High
8.11,6.23,1,5.2,7,5,7,High
5.22,6.42,0,4.37,3,3,8,High
2.92,8.51,1,5.55,7,6,7,Average
5.89,6.12,0,6.76,9,6,6,High
1.8,4.79,0,7.69,6,7,6,Negative
6.69,8.92,1,6.45,2,5,8,Average
2.67,6.17,1,5.1,4,3,4,Average
3.61,8.08,1,4.19,9,6,8,High
1.17,6.08,0,6.22,3,8,2,Negative
3.18,7.25,1,4.51,7,6,5,Average
3.28,7.0,1,4.9,4,6,4,Average
0.98,6.92,1,5.12,6,7,7,Average
1.67,5.51,0,5.85,6,2,8,High
5.43,6.67,1,4.76,6,5,7,High
3.4,6.95,1,0.61,6,3,8,High
4.75,6.51,1,2.55,8,5,5,High
8.19,6.74,1,2.51,6,2,8,High
9.51,5.31,0,4.49,5,6,6,High
1.85,7.09,1,10.15,3,10,1,Negative
0.44,7.27,0,7.87,5,6,7,Negative
6.8,8.57,1,4.16,10,2,8,High
3.19,6.36,0,5.99,5,5,2,Negative
2.54,4.76,0,9.81,6,4,5,Average
3.01,5.54,0,9.76,4,4,3,Negative
1.86,7.81,0,6.23,5,4,7,Average
1.76,5.34,0,7.08,4,5,1,Negative
6.32,7.21,1,5.82,5,5,8,High
8.14,5.55,1,2.33,7,4,5,High
4.86,8.84,1,4.87,4,5,5,Average
7.45,7.15,0,4.55,7,1,7,High
4.01,8.36,1,9.05,2,8,4,Negative
3.03,4.05,0,7.26,4,5,7,Average
5.3,9.38,1,8.85,6,6,8,Average
6.29,6.84,0,1.95,8,1,7,High
5.34,3.0,0,5.46,3,3,3,Average
8.17,5.0,1,2.84,5,5,6,High
2.79,7.78,1,4.51,3,6,4,Average
4.33,7.53,0,5.33,8,3,6,High
8.06,7.72,1,3.26,6,1,7,High
8.13,7.79,1,1.89,7,1,9,High
8.86,8.3,1,4.0,8,1,7,High
5.06,4.53,0,4.16,9,6,7,High
2.65,7.37,0,8.57,1,5,2,Negative
2.8,8.83,1,7.04,3,8,4,Negative
3.94,5.57,1,5.15,4,7,8,Average
8.84,5.68,1,3.56,9,1,8,High
6.0,6.67,0,9.7,7,6,8,Average
5.41,6.93,1,2.62,7,2,7,High
6.22,8.22,1,2.21,7,7,7,High
7.46,7.29,1,6.62,9,6,6,High
5.52,3.76,1,9.5,6,5,6,Average
6.8,7.05,1,6.7,5,5,3,Average
9.68,7.03,0,5.95,5,7,4,Average
6.58,6.5,1,2.75,8,1,9,High
2.29,7.16,0,5.95,5,3,3,Average
6.74,7.92,1,4.84,7,4,7,High
5.95,7.91,0,4.94,7,5,5,High
5.02,3.0,0,9.19,5,8,4,Negative
5.94,8.0,1,1.26,6,3,9,High
2.55,9.17,0,9.45,3,5,4,Negative
6.32,6.48,1,2.87,6,3,6,High
5.63,5.19,1,4.71,7,5,7,High
8.67,5.95,0,3.81,8,4,7,High
4.23,8.06,1,4.54,6,5,7,High
4.4,8.42,1,1.42,7,3,8,High
4.36,6.42,1,5.1,7,6,6,High
6.77,5.07,1,5.77,5,5,8,High
6.32,9.05,1,3.58,8,1,7,High
7.9,7.09,0,5.01,6,6,6,High
6.04,6.32,0,2.57,6,1,6,High
7.19,6.08,0,5.09,5,7,3,Average
4.83,6.76,0,6.99,6,4,6,Average
5.3,3.44,1,4.15,4,6,6,Average
6.73,5.56,1,2.9,10,3,8,High
1.54,6.19,1,6.37,3,7,5,Negative
2.28,4.28,0,6.99,5,9,3,Negative
5.26,7.08,1,3.66,5,4,7,High
3.72,6.79,1,3.85,7,5,6,High
9.67,4.95,1,0.52,10,2,10,High
4.87,7.1,1,10.76,6,8,6,Average
4.4,6.63,0,12.0,4,7,6,Negative
7.96,6.91,1,5.18,8,1,9,High
7.83,5.72,0,6.23,2,7,4,Average
5.85,5.43,1,6.82,6,3,7,High
5.35,7.1,0,2.69,6,5,4,High
5.88,7.93,0,2.91,7,1,7,High
3.19,7.99,0,6.71,5,5,4,Average
7.97,7.47,1,6.15,9,3,10,High
6.4,5.96,0,8.21,5,5,6,Average
6.36,6.45,1,4.84,5,2,8,High
4.31,5.95,0,9.65,2,6,4,Negative
1.63,9.28,1,6.19,8,5,6,Average
2.85,6.65,0,7.89,4,3,4,Average
0.61,7.03,0,4.86,6,2,4,Average
6.54,7.47,0,7.0,5,5,8,High
5.02,8.14,0,3.29,6,4,4,High
2.4,5.17,0,2.63,7,4,8,High
6.69,6.76,1,7.28,7,1,4,High
1.13,8.69,0,6.67,5,10,7,Negative
9.26,6.78,0,3.91,8,1,8,High
6.01,6.95,0,11.59,3,5,6,Average
0.77,6.49,0,8.77,3,7,3,Negative
5.22,8.16,1,3.63,8,3,8,High
6.37,7.66,1,3.05,7,4,8,High
2.54,6.68,0,6.67,9,4,7,High
4.78,8.91,0,6.47,4,7,7,Average
5.12,6.72,0,1.66,2,5,8,Average
10.0,7.07,1,3.92,7,4,10,High
4.84,9.57,1,7.07,6,4,5,Average
7.67,6.18,1,4.27,8,3,8,High
6.46,6.93,0,8.65,6,5,7,High
1.76,5.55,0,4.5,4,5,4,Negative
7.19,8.51,1,0.5,10,1,9,High
6.55,6.91,1,2.45,9,6,6,High
2.16,8.33,1,4.99,5,8,9,Average
3.88,5.49,0,8.47,4,6,2,Negative
7.39,7.45,1,7.47,4,8,6,Average
7.57,6.99,0,4.15,7,5,6,High
4.28,8.79,1,3.42,9,1,9,High
5.39,5.5,0,7.34,8,6,5,Average
2.84,4.26,0,5.82,7,5,8,Average
6.68,7.29,1,9.34,4,5,5,Average
2.69,6.53,0,7.28,5,5,6,Average
4.27,7.26,1,6.59,8,4,6,High
7.95,5.29,1,4.78,6,4,4,High
3.21,7.56,1,2.36,8,4,9,High
5.45,7.4,1,3.27,7,5,10,High
9.0,7.84,1,4.38,7,5,9,High
8.85,8.68,0,8.84,5,7,8,High
5.2,7.72,1,3.51,7,6,5,High
4.94,7.55,1,3.83,10,2,8,High
2.8,8.49,1,5.05,8,5,8,High
10.0,6.9,1,3.69,9,1,9,High
7.78,5.12,1,5.84,6,6,5,High
6.1,6.97,1,7.63,6,6,8,High
5.85,7.07,0,5.88,7,5,9,High
4.02,7.38,0,6.43,5,3,6,Average
5.84,8.02,0,2.9,7,2,10,High
2.81,6.18,0,7.8,4,6,6,Negative
5.32,6.97,1,3.87,9,3,6,High
1.73,6.86,0,4.95,2,10,3,Negative
1.21,5.39,0,5.39,3,6,5,Negative
6.19,7.27,1,7.98,1,4,7,Average
4.38,6.61,0,8.62,2,7,6,Negative
5.53,7.42,0,2.0,7,2,9,High
3.63,7.09,0,7.26,3,6,6,Average
1.54,5.79,0,8.54,5,7,4,Negative
4.7,6.32,0,6.1,4,4,4,Average
5.24,4.77,1,8.13,7,5,6,Average
3.77,4.7,0,6.87,4,7,5,Negative
6.52,6.98,1,5.4,6,2,8,High
5.41,8.36,1,1.87,8,2,9,High
4.23,8.49,1,0.5,9,5,7,High
6.24,8.49,0,7.95,4,4,3,Average
3.44,7.72,1,5.41,6,2,7,High
8.7,7.43,0,5.99,6,6,3,Average
4.88,6.4,1,3.52,5,3,8,High
8.96,6.74,1,9.51,3,5,6,Average
3.53,5.98,0,5.79,7,4,4,Average
6.59,7.04,0,7.11,5,3,5,High
1.56,6.22,1,8.82,6,7,4,Negative
2.67,7.95,0,4.63,8,2,7,High
5.86,6.59,0,6.2,7,8,9,High
7.72,8.8,1,10.97,5,6,7,Average
7.94,8.12,1,2.66,8,4,7,High
6.02,7.29,1,3.61,5,3,7,High
5.47,5.3,1,5.79,8,5,10,High
7.93,4.96,1,6.7,8,4,7,High
2.72,9.51,0,5.64,6,9,5,Negative
5.13,6.42,1,4.69,2,6,5,Average
8.14,7.72,0,3.43,9,2,8,High
6.33,6.47,1,5.44,5,3,8,High
7.37,4.75,0,7.97,5,6,6,Average
5.87,7.65,0,6.49,5,4,4,Average
5.82,6.44,1,4.15,9,4,7,High
4.76,4.55,0,10.96,4,5,5,Negative
3.69,4.95,0,8.43,6,5,3,Negative
2.8,6.48,0,8.18,5,8,3,Negative
7.69,6.07,0,5.31,4,3,8,High
3.24,5.94,0,6.97,4,4,6,Average
7.48,6.84,1,4.23,9,1,9,High
4.91,7.83,1,1.15,8,2,10,High
3.07,6.1,1,4.13,5,3,7,High
8.45,8.32,0,2.98,6,7,7,High
6.2,8.36,1,7.4,6,6,9,High
7.39,7.58,1,6.64,4,3,5,High
5.0,5.69,0,6.94,5,7,8,Average
5.4,7.51,1,7.02,4,4,5,Average
6.37,7.37,0,2.78,5,1,6,High
5.34,8.13,0,8.98,7,4,7,High
5.22,6.75,1,5.01,10,3,7,High
1.16,5.28,0,8.59,6,7,6,Negative
5.09,7.49,0,7.49,4,5,6,Average
4.04,6.88,1,3.77,9,2,7,High
5.03,5.65,0,5.47,1,7,6,Negative
3.77,4.86,1,5.57,5,6,5,Average
4.99,6.89,0,6.34,4,8,10,Average
5.58,3.91,0,6.64,5,7,6,Average
4.47,7.34,1,6.17,6,4,9,High
5.68,5.1,1,4.03,8,5,10,High
6.38,8.32,0,3.77,7,4,8,High
3.3,5.87,1,5.98,5,6,4,Average
5.36,6.68,0,3.57,5,3,8,High
4.45,5.81,1,9.77,5,4,3,Average
3.41,7.03,1,5.52,3,6,4,Average
2.6,5.03,0,6.85,5,8,3,Negative
6.46,5.41,1,4.71,7,8,6,Average
7.9,5.84,1,6.27,6,6,5,High
5.62,7.52,0,3.43,6,4,6,High
2.18,5.43,0,7.44,6,5,4,Negative
9.01,6.85,1,2.99,8,3,9,High
4.78,7.81,1,4.73,8,1,10,High
5.62,5.38,1,5.2,7,4,5,High
4.18,7.87,0,3.48,7,7,4,Average
8.8,8.21,1,3.53,9,1,10,High
6.57,6.77,0,8.3,5,3,8,High
6.79,7.07,0,6.01,7,6,7,High
3.14,8.57,1,4.83,9,4,6,High
7.98,6.59,1,5.3,7,7,7,High
7.16,8.2,0,6.1,4,6,8,High
3.31,7.22,0,9.76,7,7,6,Average
3.62,6.44,1,6.68,4,8,6,Average
3.28,7.5,0,9.76,5,6,3,Negative
3.73,6.44,0,4.53,4,2,2,Average
3.92,7.76,1,8.24,5,3,6,Average
0.0,5.9,0,7.85,3,8,3,Negative
3.26,7.16,0,6.71,4,6,4,Negative
3.39,7.62,0,9.57,4,6,6,Negative
3.66,8.17,1,4.43,6,4,7,High
2.53,5.57,1,7.38,5,9,5,Negative
7.28,8.48,0,2.99,8,2,10,High
5.09,6.41,0,5.94,8,4,9,High
4.46,6.28,0,1.65,5,1,7,High
2.3,5.96,0,5.69,7,4,4,Average
6.15,7.99,0,2.89,8,1,8,High
5.58,6.9,0,1.64,8,1,7,High
4.45,7.69,1,7.22,3,6,6,Average
5.52,5.56,1,4.9,9,3,6,High
5.5,5.24,1,6.24,7,2,9,High
3.27,7.11,0,2.64,3,9,3,Negative
7.16,8.55,0,3.97,5,2,5,High
5.28,7.59,0,4.02,7,6,7,High
4.66,6.2,0,4.51,5,2,6,High
5.67,5.48,1,6.43,8,6,6,High
5.28,5.01,1,5.77,5,5,5,Average
9.25,7.05,1,4.43,8,1,10,High
7.22,5.64,1,3.73,5,3,7,High
5.82,7.9,1,2.43,10,1,8,High
1.6,7.01,0,8.96,4,5,5,Negative
5.58,6.3,0,2.79,5,5,7,High
8.41,7.37,0,2.32,9,5,10,High
5.19,5.13,0,8.44,3,8,6,Negative
3.24,5.97,0,7.53,2,1,9,Average
7.44,4.76,0,5.8,7,4,3,Average
8.83,5.49,0,8.83,7,6,6,High
6.94,5.6,0,6.0,6,7,6,Average
3.88,7.78,0,1.77,6,5,5,High
7.88,6.97,0,1.0,7,5,9,High
5.11,6.79,1,5.68,7,4,8,High
5.41,6.59,0,7.24,3,5,6,Average
0.91,7.41,0,9.86,4,7,7,Negative
5.14,6.39,1,3.17,7,7,8,High
5.85,4.45,0,5.49,4,3,6,Average
4.68,5.9,0,7.18,6,3,8,High
9.03,6.67,1,3.11,6,1,7,High
1.06,6.92,0,1.94,3,9,7,Negative
2.91,7.31,0,4.38,8,2,7,High
7.79,7.32,1,3.49,5,1,7,High
4.14,6.3,0,7.05,6,6,5,Average
6.09,7.44,1,7.0,7,5,8,High
3.65,9.09,0,3.42,6,5,8,High
7.63,5.6,0,3.83,3,1,8,High
5.27,7.79,0,5.93,4,7,3,Negative
2.86,7.95,0,4.79,9,3,8,High
6.94,7.28,1,4.15,9,2,10,High
7.35,6.88,1,3.4,7,3,9,High
8.46,6.67,1,5.86,9,2,7,High
3.1,8.04,0,5.74,7,4,8,High
3.11,6.22,0,11.36,4,7,5,Negative
5.18,6.52,0,5.29,4,8,7,Average
0.77,10.0,1,8.38,6,7,4,Negative
3.1,5.68,0,8.31,8,10,8,Average
8.4,7.97,1,2.92,10,2,10,High
6.07,6.78,1,6.5,7,2,8,High
5.53,7.08,1,5.98,2,7,4,Average
7.4,4.92,1,7.29,3,7,10,Average
2.78,5.57,1,8.28,4,7,6,Negative
6.19,6.27,0,5.17,3,6,7,Average
3.79,6.05,1,3.07,4,3,6,High
5.32,6.2,0,5.88,5,6,5,Average
4.18,7.11,0,6.42,8,3,7,High
5.53,5.25,0,3.98,5,4,7,High
4.43,5.96,0,1.94,6,6,7,High
2.25,5.34,1,10.7,4,8,4,Negative
5.65,6.53,1,5.52,3,4,5,Average
3.18,7.86,0,6.59,7,5,7,Average
8.88,9.19,1,3.82,7,4,9,High
5.27,9.57,0,6.48,4,4,7,Average
4.37,8.06,1,8.81,5,3,10,High
3.63,10.0,0,6.58,7,8,6,Average
2.04,6.9,1,5.68,8,5,6,Average
4.85,6.92,1,4.02,10,2,9,High
5.85,5.24,1,5.04,4,4,5,Average
5.78,7.57,1,6.06,7,2,9,High
7.04,4.97,0,7.86,6,7,7,Average
7.68,5.59,1,5.95,4,6,1,Average
6.12,9.24,1,1.96,8,3,10,High
6.41,8.1,1,7.35,5,4,8,High
6.59,8.38,1,3.53,9,2,10,High
6.64,6.68,0,5.71,5,7,6,Average
5.14,5.31,0,5.58,6,4,9,High
6.74,6.78,0,3.21,9,5,5,High
4.65,4.77,0,6.01,7,8,5,Average
3.8,6.44,0,12.0,5,10,2,Negative
4.59,5.78,0,7.49,7,3,7,High
5.3,5.8,1,5.88,6,5,7,High
4.7,5.77,0,3.06,8,7,6,Average
5.04,6.98,0,5.41,6,5,8,High
5.23,5.42,1,2.4,3,6,7,Average
4.26,5.71,0,4.87,8,4,6,High
7.69,5.26,1,10.05,6,4,6,High
3.44,6.05,0,9.66,3,6,4,Negative
5.23,7.76,1,2.13,9,3,8,High
3.08,4.38,1,4.57,6,6,5,Average
5.36,6.9,0,5.48,7,6,7,High
5.01,6.02,1,6.39,8,4,9,High
7.4,5.2,0,5.87,7,3,10,High
6.45,7.02,1,6.25,10,7,6,High
3.97,6.07,0,6.23,8,7,6,Average
2.2,6.46,0,4.16,8,8,6,Average
6.52,5.25,0,5.3,5,5,1,Average
7.98,6.11,0,6.35,5,3,5,High
6.29,7.09,1,3.71,10,3,10,High
2.8,6.3,0,5.08,4,9,4,Negative
7.54,7.12,1,6.23,7,4,8,High
4.44,6.36,1,8.3,7,1,10,High
6.69,5.9,0,5.75,9,5,8,High
5.02,7.03,1,2.79,7,3,8,High
6.34,6.77,0,6.18,8,7,7,High
8.61,7.6,1,2.96,9,4,7,High
4.43,5.95,0,5.46,4,5,4,Average
4.66,6.66,1,1.4,10,1,10,High
3.74,7.51,0,8.13,7,6,8,Average
6.67,5.48,0,8.44,5,4,8,High
3.78,6.94,0,8.36,7,6,3,Average
1.83,7.52,0,9.43,8,6,5,Average
4.92,5.47,0,7.39,5,6,5,Average
4.46,6.33,0,2.72,5,7,4,Average
2.29,8.74,0,7.66,5,7,5,Negative
3.92,8.39,0,6.81,6,8,4,Negative
6.08,7.02,1,2.99,7,6,6,High
3.53,7.38,1,7.22,4,7,7,Average
2.87,7.57,0,6.28,4,7,6,Average
2.75,7.22,1,6.56,4,6,6,Average
3.48,7.16,1,3.98,8,1,9,High
3.86,6.73,1,4.92,8,6,6,High
5.05,5.38,1,5.94,4,7,6,Average
5.26,4.36,1,6.41,8,2,8,High
6.41,7.59,0,3.16,5,5,7,High
3.6,6.55,0,4.53,6,9,6,Average
2.69,6.95,1,3.1,7,5,6,High
4.48,4.32,0,9.2,5,6,8,Average
3.24,5.66,0,11.28,7,4,6,Average
3.94,5.28,0,7.7,1,4,4,Negative
5.1,7.75,0,4.82,5,4,7,High
7.34,7.72,1,4.53,8,2,10,High
3.91,8.13,1,2.94,6,2,6,High
2.95,7.15,0,5.9,6,2,8,High
6.54,5.68,1,2.0,8,1,9,High
7.16,5.77,0,5.95,4,5,7,Average
6.29,9.15,1,1.5,8,1,8,High
6.55,8.21,1,2.17,6,3,7,High
0.64,6.45,0,8.02,6,6,4,Negative
7.64,6.82,1,2.58,9,1,7,High
3.46,4.68,0,8.82,6,9,5,Negative
4.35,9.28,0,6.34,5,4,8,Average
5.7,7.32,1,3.73,8,4,9,High
3.69,7.03,1,4.81,6,2,8,High
7.95,7.98,0,4.56,5,6,5,High
7.5,6.9,0,4.56,6,5,6,High
6.16,7.24,0,5.59,6,4,7,High
8.37,8.04,1,3.12,8,4,7,High
6.75,4.73,0,5.47,6,1,8,High
6.25,7.35,1,2.64,10,1,8,High
4.74,4.73,0,7.32,7,6,5,Average
4.71,8.22,0,2.2,7,5,7,High
4.28,4.59,1,10.06,5,10,4,Negative
0.17,5.15,0,7.91,1,10,6,Negative
8.11,7.28,1,7.07,8,6,6,High
4.93,8.0,1,7.62,7,8,8,Average
4.12,6.92,1,8.15,6,2,7,High
6.08,7.67,0,6.11,8,4,8,High
3.99,7.96,1,3.0,8,2,7,High
5.73,6.43,1,3.3,7,4,7,High
6.59,7.92,1,7.3,7,6,8,High
7.23,8.41,1,0.92,5,5,8,High
3.82,7.53,1,5.51,7,4,6,High
3.04,6.58,1,6.22,7,7,9,High
4.77,6.65,0,7.49,3,6,4,Negative
2.87,4.68,0,6.35,5,8,6,Negative
3.81,4.78,1,8.91,7,8,4,Negative
7.08,6.75,1,4.09,6,1,9,High
5.76,7.02,1,5.46,4,3,5,High
2.16,7.74,0,9.03,6,6,6,Average
3.24,6.81,0,8.06,5,8,7,Negative
3.6,6.9,1,2.6,5,5,7,High
6.01,5.94,0,6.82,6,6,8,High
4.04,10.0,1,4.28,7,6,8,High
1.78,6.38,0,4.4,3,5,3,Negative
7.95,6.96,1,3.53,8,4,10,High
5.07,4.08,1,4.4,7,5,5,Average
5.47,7.35,1,5.59,8,4,8,High
4.54,9.92,1,4.48,5,4,4,Average
6.17,6.22,1,2.91,9,1,10,High
5.79,7.58,1,6.15,6,7,7,High
5.77,7.49,1,5.78,8,5,9,High
2.36,6.9,0,7.39,4,9,6,Negative
7.29,6.45,1,2.23,10,1,10,High
5.98,5.67,1,3.23,4,9,5,Average
3.03,7.82,0,7.36,7,3,5,Average
7.94,6.64,0,5.39,2,7,6,Average
5.56,5.83,0,3.92,8,3,8,High
5.69,8.32,0,4.1,5,6,4,Average
6.84,5.26,0,3.07,4,8,8,Average
9.0,8.82,1,3.65,7,4,10,High
3.65,6.46,1,4.24,8,2,5,High
4.55,7.31,0,6.22,8,7,6,Average
4.05,6.09,0,8.05,5,8,6,Negative
3.65,8.3,0,6.84,6,4,7,Average
3.17,8.05,0,6.06,5,5,4,Average
3.08,8.69,1,6.4,9,7,4,Average
6.08,7.65,1,1.9,7,2,8,High
4.54,5.84,1,3.23,6,4,6,High
2.69,5.65,0,4.2,4,7,6,Negative
3.82,7.45,0,5.97,6,3,6,High
3.8,5.56,0,6.8,4,1,5,Average
3.4,6.54,1,6.13,3,7,6,Average
4.37,8.11,1,3.73,7,5,6,High
6.6,7.77,0,5.32,7,5,3,Average
1.81,6.3,1,6.55,4,6,8,Average
6.87,6.83,1,3.04,10,2,7,High
8.12,3.75,1,6.65,6,7,6,Average
3.7,7.61,1,2.78,6,2,6,High
5.8,8.42,1,7.59,7,6,10,High
6.35,7.51,1,2.88,7,3,9,High
6.67,7.28,0,3.03,8,4,8,High
5.89,7.44,0,3.64,7,5,8,High
7.98,6.01,0,7.36,7,4,8,High
4.02,6.09,0,4.13,8,3,2,Average
6.88,7.52,1,1.8,8,1,8,High
7.02,7.18,1,6.78,4,8,4,Average
1.74,6.45,1,3.87,3,8,3,Negative
1.63,5.67,1,6.81,4,6,6,Negative
5.95,7.99,1,2.06,3,4,6,High
4.85,8.56,0,2.7,7,4,4,High
5.68,7.91,1,3.07,8,2,5,High
6.65,7.21,1,0.76,8,2,10,High
8.02,6.8,1,7.62,5,7,4,Average
7.98,6.06,0,5.23,9,2,10,High
7.39,8.35,0,5.18,8,6,9,High
0.67,5.23,1,4.12,7,5,8,Average
5.35,6.77,0,1.96,9,4,9,High
4.72,4.92,1,7.23,8,5,8,High
7.36,8.28,1,2.94,9,3,7,High
6.08,6.11,1,1.79,9,1,9,High
6.45,6.99,0,5.04,5,6,6,Average
4.94,6.53,1,4.04,8,6,8,High
8.87,5.87,0,5.61,3,4,6,High
4.81,6.63,1,2.87,8,3,7,High
5.79,8.3,1,4.32,9,2,10,High
6.28,5.24,0,4.78,8,6,1,Average
4.09,4.1,0,5.22,5,7,8,Average
7.49,5.92,1,7.6,6,7,8,High
2.63,7.2,0,5.2,8,4,1,Average
7.56,6.22,1,2.9,8,3,10,High
6.21,6.49,0,4.44,4,8,6,Average
4.71,5.71,1,5.43,7,4,10,High
4.67,9.96,1,5.82,7,4,2,Average
7.53,7.88,1,0.68,9,4,9,High
6.36,8.33,0,6.29,7,7,3,Average
6.01,6.17,0,11.36,3,6,5,Negative
5.77,6.93,1,2.4,8,2,9,High
8.14,5.1,1,6.22,6,7,5,Average
6.41,5.42,0,3.84,4,5,5,Average
4.93,7.28,1,4.91,8,5,8,High
5.95,7.34,1,2.3,7,4,7,High
4.91,5.73,1,6.55,7,3,4,High
5.18,5.82,0,7.53,3,9,8,Negative
6.22,5.07,1,4.95,8,4,8,High
6.84,6.32,1,4.21,7,3,7,High
6.55,6.77,0,3.43,9,2,10,High
6.24,7.72,0,3.77,6,2,8,High
3.85,6.41,0,5.11,7,6,6,Average
6.31,6.34,0,7.12,6,5,7,High
7.91,5.83,0,6.6,6,7,4,Average
5.82,3.04,0,5.6,5,6,3,Negative
4.38,7.94,0,11.84,4,4,6,Average
5.82,8.42,0,5.12,6,6,5,Average
7.73,7.77,1,5.2,7,3,10,High
4.78,4.4,1,6.73,6,5,7,Average
1.08,5.61,0,8.78,5,7,3,Negative
7.88,5.95,0,5.55,7,4,7,High
7.4,9.01,1,3.22,8,2,9,High
4.36,7.44,1,5.66,10,5,7,High
4.99,7.42,1,7.4,5,3,8,High
7.53,8.33,0,8.17,6,4,4,Average
3.68,5.79,0,5.09,2,6,3,Negative
8.19,7.29,1,1.01,10,2,9,High
0.8,6.64,1,4.86,4,7,10,Average
6.37,8.19,1,4.32,8,1,10,High
4.8,5.55,0,6.15,8,5,8,High
4.96,6.18,1,0.6,7,2,10,High
7.89,5.36,0,7.41,5,8,5,Average
5.65,6.99,1,4.66,5,6,6,High
4.27,5.97,1,2.6,6,5,8,High
3.22,3.0,0,4.41,2,6,6,Negative
4.24,5.5,1,5.1,7,3,7,High
5.84,9.89,1,3.41,8,2,8,High
4.84,6.56,1,7.31,5,4,7,High
3.75,4.7,1,5.06,4,3,7,Average
6.9,6.35,0,7.73,8,4,7,High
6.52,8.68,1,5.86,7,4,6,High
2.96,7.79,0,8.52,7,6,6,Average
1.27,4.76,0,10.45,3,4,5,Negative
4.91,8.47,1,3.63,9,1,9,High
7.64,6.12,1,9.97,7,6,6,High
10.0,7.64,1,6.84,3,6,2,Average
6.3,6.28,1,5.67,6,1,8,High
4.93,7.12,1,2.43,8,3,9,High
8.12,7.13,1,2.21,7,1,8,High
2.83,7.22,0,6.06,4,6,5,Average
5.22,8.8,1,8.04,4,5,4,Average
5.2,6.51,0,6.35,6,8,6,Average
4.28,8.45,1,5.97,2,8,7,Average
4.28,8.34,1,9.48,8,4,5,Average
6.04,7.91,1,2.87,10,3,9,High
6.09,6.06,0,2.32,5,8,5,Average
1.21,5.78,0,3.78,3,10,5,Negative
7.55,7.84,1,3.88,8,1,9,High
7.02,6.28,1,7.77,6,1,6,High
6.27,7.92,1,3.46,8,2,7,High
3.24,6.46,0,2.24,6,3,6,High
8.92,7.15,1,3.87,9,2,9,High
7.36,6.01,0,6.15,4,7,6,Average
7.39,7.08,1,3.16,9,3,8,High
4.11,8.0,1,5.95,6,5,6,Average
6.16,6.32,1,4.25,7,2,9,High
2.77,8.17,0,6.13,6,6,4,Average
7.06,6.47,1,3.89,8,1,7,High
4.02,5.78,1,6.61,9,6,4,Average
4.19,6.66,1,5.38,3,5,6,Average
3.46,7.15,1,2.87,4,6,4,Average
7.94,7.63,0,1.98,6,2,7,High
3.15,6.99,1,7.88,5,7,4,Negative
6.11,8.53,0,3.71,4,4,7,High
3.93,8.46,0,7.71,3,6,7,Average
6.36,4.79,1,6.8,3,5,6,Average
4.85,7.23,1,4.5,7,5,4,High
5.03,6.17,1,5.23,6,6,8,High
5.13,8.18,1,4.21,8,3,7,High
1.53,7.09,1,7.2,4,9,2,Negative
2.82,7.48,0,6.85,8,5,7,Average
5.74,5.18,0,5.12,5,5,7,Average
3.91,7.19,0,3.79,7,3,4,High
6.5,6.52,1,3.83,5,4,3,High
2.39,5.06,0,6.74,4,7,4,Negative
3.75,7.63,0,7.61,6,5,3,Average
4.15,7.55,1,3.88,6,4,8,High
4.76,4.67,0,9.93,9,7,6,Average
4.73,4.53,0,5.71,4,4,5,Average
5.6,4.8,0,9.55,5,7,7,Average
3.09,7.24,1,6.19,4,4,6,Average
7.42,7.9,1,4.09,9,1,9,High
7.38,7.61,0,9.76,4,6,5,Average
2.72,5.08,0,10.95,3,5,4,Negative
6.73,8.37,1,6.52,6,4,5,High
8.16,6.51,0,4.37,5,4,2,Average
1.91,7.33,0,8.62,5,4,4,Negative
5.84,6.04,0,4.34,5,5,4,Average
8.12,7.26,1,2.76,8,1,10,High
5.68,6.28,1,4.53,8,2,8,High
1.44,6.91,0,8.1,4,6,5,Negative
8.66,7.73,1,2.24,8,5,8,High
2.4,5.31,0,8.52,6,9,4,Negative
10.0,8.77,0,7.35,8,5,9,High
4.3,9.53,1,1.14,8,5,8,High
4.59,6.67,1,4.6,8,3,5,High
5.25,7.78,1,1.51,7,2,7,High
3.74,6.47,1,4.62,8,6,7,High
4.21,8.77,0,3.33,8,4,2,Average
6.17,10.0,1,5.4,8,5,7,High
3.1,9.06,1,5.46,5,7,7,Average
6.2,7.06,1,5.61,8,4,5,High
4.13,8.52,0,6.16,9,7,9,High
3.44,6.51,0,9.4,2,8,3,Negative
4.04,7.13,1,5.58,7,4,5,High
5.06,5.44,0,7.08,5,3,5,Average
3.06,6.26,0,6.81,7,7,3,Negative
6.03,7.42,1,7.48,7,4,6,High
4.31,4.76,0,3.77,8,4,6,High
6.44,7.36,0,6.52,8,5,8,High
7.89,8.08,1,4.3,8,2,9,High
4.31,6.66,0,5.64,3,6,6,Average
8.16,4.58,1,6.16,7,3,10,High
4.87,7.29,1,1.71,10,1,9,High
6.03,8.3,1,6.23,3,4,7,High
4.88,7.49,1,1.43,9,3,7,High
6.18,5.82,0,5.21,8,5,8,High
5.36,6.78,1,5.6,8,5,3,High
6.68,8.23,0,4.25,8,4,9,High
3.43,7.13,1,6.5,5,4,8,High
1.8,5.37,1,7.9,4,8,5,Negative
6.9,6.09,1,7.43,4,4,2,Average
4.73,7.83,1,3.94,8,2,8,High
5.45,7.69,0,4.27,9,4,9,High
5.0,7.43,1,3.16,6,4,8,High
6.99,6.0,0,7.41,4,6,5,Average
1.69,6.05,0,10.26,5,9,4,Negative
5.47,8.04,0,7.28,5,5,4,Average
5.71,7.33,1,6.16,6,4,8,High
7.78,7.54,0,5.73,6,6,7,High
4.97,6.95,0,6.4,7,6,8,High
6.93,8.28,1,5.7,7,1,6,High
5.42,6.51,1,3.71,7,4,4,High
6.73,9.92,1,2.72,10,1,9,High
3.58,6.86,0,4.98,7,4,6,High
2.82,7.82,0,9.03,5,8,5,Negative
6.11,7.9,1,1.85,9,1,8,High
7.3,7.8,1,3.68,9,4,9,High
7.35,5.75,0,7.16,8,5,6,High
3.21,6.58,0,7.99,5,5,8,Average
6.31,6.54,1,6.72,6,2,5,High
6.26,6.24,0,6.41,3,8,8,Average
6.92,6.71,1,5.79,5,4,8,High
3.89,4.76,1,7.78,3,9,6,Negative
5.95,6.45,1,3.27,8,2,10,High
5.49,5.5,0,8.7,8,8,5,Average
5.08,6.74,0,4.7,2,3,6,Average
4.12,5.62,0,4.53,5,4,5,Average
9.27,6.64,1,2.07,8,3,8,High
4.05,5.67,0,4.79,6,5,8,High
5.77,6.59,1,5.99,5,4,8,High
7.86,6.91,0,9.97,4,8,3,Negative
2.91,6.57,1,1.47,6,6,5,Average
5.58,7.33,1,4.39,7,7,5,High
3.51,6.46,0,6.25,6,5,7,Average
5.48,5.42,0,7.33,6,5,7,Average
5.8,6.42,0,4.23,6,5,8,High
7.76,8.22,1,0.72,7,5,9,High
7.68,8.21,1,6.99,10,3,7,High
8.89,4.69,0,10.15,8,6,6,High
1.32,6.9,1,4.09,5,8,6,Average
6.66,6.8,0,5.64,3,4,6,Average
7.23,6.67,0,3.62,1,10,8,Average
6.69,9.47,0,1.28,9,1,7,High
5.31,5.21,0,4.25,6,6,5,Average
2.68,7.1,0,1.97,7,4,8,High
9.72,7.23,1,5.5,7,2,8,High
7.69,7.02,1,4.58,9,3,9,High
3.42,5.15,0,9.91,4,5,5,Negative
3.62,4.75,0,8.05,7,10,4,Negative
2.06,4.28,1,7.59,2,5,2,Negative
4.06,7.4,0,4.21,5,3,5,High
6.53,7.62,0,3.51,5,6,5,Average
6.87,6.73,1,3.46,7,7,8,High
7.17,7.97,0,2.94,7,7,7,High
6.49,7.15,1,2.55,8,2,10,High
5.44,7.6,1,3.89,5,4,7,High
6.95,7.41,1,1.97,7,2,9,High
4.51,5.63,0,7.01,6,7,5,Average
6.05,6.47,1,4.35,7,6,6,High
7.27,7.72,1,2.32,8,1,9,High
7.14,3.68,0,7.07,5,7,9,Average
5.35,7.71,1,10.01,3,6,5,Average
6.26,6.73,1,5.11,5,7,7,High
6.97,5.0,1,5.59,4,4,8,High
6.64,7.04,0,4.4,7,4,9,High
3.98,7.02,0,8.55,5,7,4,Negative
7.24,7.2,0,5.27,6,1,7,High
5.28,4.87,1,5.89,7,2,7,High
4.87,6.5,0,7.3,5,7,5,Average
2.98,6.5,0,9.73,4,8,6,Negative
10.0,7.06,0,1.04,8,1,9,High
2.9,6.02,0,8.1,4,8,3,Negative
5.16,5.77,0,11.23,7,6,7,Average
3.62,8.47,0,6.96,8,2,4,High
6.17,6.54,0,7.08,6,2,10,High
5.97,6.1,1,2.83,7,1,9,High
7.25,4.94,1,8.9,7,3,8,High
6.94,5.86,1,4.91,9,1,7,High
5.03,8.79,1,4.9,6,7,7,Average
5.98,6.82,1,3.43,5,7,6,High
4.96,7.56,1,4.97,4,6,3,Average
4.77,7.73,1,7.05,3,9,4,Negative
6.77,7.93,0,6.46,2,1,4,Average
5.32,7.82,1,2.71,9,4,8,High
8.3,8.17,0,2.45,4,5,5,High
7.13,7.19,0,7.06,7,5,5,High
8.47,6.66,0,7.96,3,6,6,Average
9.2,8.18,0,7.16,4,6,10,High
6.87,5.57,0,4.89,5,6,7,High
8.03,5.39,0,9.96,3,3,6,Average
3.53,3.3,0,4.12,5,6,2,Negative
5.99,5.05,0,7.98,2,5,7,Average
4.23,7.65,0,6.36,2,7,7,Average
4.96,7.66,1,4.8,7,6,9,High
4.0,7.28,1,0.69,8,1,7,High
5.86,7.69,1,3.77,8,6,6,High
5.07,6.41,1,7.67,5,8,5,Average
4.3,7.48,0,5.26,3,4,4,Average
7.14,5.71,0,7.45,6,6,3,Average
3.66,6.39,1,3.66,7,5,8,High
4.93,7.8,0,2.95,8,6,4,High
6.11,7.44,1,3.62,8,2,9,High
6.23,8.89,1,2.7,8,3,10,High
3.74,5.87,0,5.27,4,7,4,Negative
3.21,6.18,0,5.65,5,2,6,Average
4.79,4.52,0,5.08,2,8,4,Negative
2.95,5.52,1,7.45,1,8,5,Negative
1.76,5.27,1,6.21,5,7,5,Negative
2.87,6.65,1,1.94,8,1,6,High
3.99,7.58,0,4.44,7,4,3,Average
8.48,7.52,0,3.75,9,4,8,High
6.71,7.45,1,4.42,6,5,7,High
1.62,6.82,1,7.66,6,4,4,Average
5.79,5.98,0,7.68,4,7,10,Average
6.23,5.8,1,5.29,6,7,4,Average
3.95,6.46,0,5.55,6,3,5,Average
3.14,7.84,0,8.55,4,8,6,Negative
4.21,7.0,0,7.02,5,5,10,High
5.77,7.54,1,5.6,2,6,5,Average
3.62,7.54,1,3.88,6,2,9,High
3.85,7.21,1,4.26,7,5,6,High
1.36,8.98,0,5.98,1,5,4,Negative
7.96,3.6,0,6.05,4,7,2,Negative
4.86,5.79,1,3.58,6,4,6,High
1.7,4.45,1,4.88,3,6,5,Negative
7.56,6.88,1,4.7,8,2,9,High
8.26,7.64,1,4.35,9,2,8,High
6.44,7.82,1,3.54,10,1,7,High
2.8,5.03,0,5.3,6,7,6,Average
2.99,8.37,1,4.99,7,6,7,Average
4.93,5.6,0,7.2,3,8,3,Negative
3.33,6.66,1,3.79,5,5,8,High
7.35,6.58,1,8.79,9,5,8,High
6.64,6.1,0,9.0,6,5,2,Average
6.65,5.81,0,8.09,5,4,4,Average
4.82,7.11,0,5.86,3,5,7,Average
3.24,5.46,0,5.43,7,7,9,Average
6.15,6.48,0,3.47,7,1,7,High
3.84,6.1,0,7.61,6,2,5,Average
7.17,5.05,0,7.81,6,6,6,Average
6.46,4.52,1,6.15,3,1,5,High
4.41,5.99,0,5.08,7,1,6,High
2.71,5.85,0,3.98,10,4,6,High
5.79,9.05,1,3.54,8,4,10,High
4.36,5.76,1,5.33,6,3,6,High
4.95,4.86,1,6.19,7,4,7,High
4.61,7.34,1,5.14,8,1,9,High
5.08,7.67,1,5.72,7,4,8,High
1.18,6.3,1,3.95,1,6,5,Negative
8.35,6.15,1,9.62,7,6,10,High
4.06,6.79,1,4.04,6,5,8,High
8.49,7.98,0,7.33,6,7,2,Average
4.33,7.92,0,10.71,3,10,4,Negative
6.34,6.14,0,4.63,7,5,7,High
6.77,8.49,1,5.05,7,3,9,High
3.49,7.82,0,10.91,2,4,1,Negative
4.5,3.65,0,4.28,5,5,4,Average
8.57,7.11,1,4.0,7,5,6,High
8.39,7.75,0,9.47,6,4,9,High
1.85,8.38,0,5.75,2,6,5,Negative
2.68,7.14,0,5.24,7,4,6,Average
4.31,7.08,1,3.63,7,1,6,High
4.33,6.87,1,4.81,8,2,8,High
4.44,6.33,1,3.69,7,6,8,High
8.84,6.96,1,1.99,9,3,9,High
6.29,5.56,0,5.27,4,4,5,Average
5.47,6.28,1,9.16,7,6,3,Average
2.72,5.9,0,5.38,6,2,3,Average
10.0,7.26,0,7.47,7,4,7,High
2.54,5.92,0,9.54,6,8,3,Negative
4.37,6.93,0,4.59,2,5,6,Average
1.92,7.96,1,11.99,3,7,3,Negative
5.88,9.34,0,4.9,8,2,7,High
5.14,7.26,1,4.24,10,3,9,High
7.71,7.21,1,0.78,8,3,9,High
3.13,7.27,0,5.02,8,5,8,High
3.5,6.87,0,3.28,6,3,6,High
4.51,7.16,1,9.92,4,8,8,Average
5.09,6.58,1,2.12,5,4,8,High
2.52,6.84,0,9.61,1,9,2,Negative
5.76,6.62,1,5.92,8,3,8,High
1.28,5.7,0,9.03,4,5,4,Negative
3.05,6.63,0,3.66,8,5,6,High
3.78,5.24,0,6.85,4,4,6,Average
3.24,7.4,1,3.29,6,3,9,High
4.69,6.32,1,4.14,8,4,9,High
3.54,6.42,0,7.89,7,4,10,High
4.91,8.83,1,1.92,7,5,9,High
2.31,5.29,1,7.91,6,7,5,Negative
7.26,7.74,1,7.86,7,5,8,High
3.84,7.11,0,5.27,3,5,3,Negative
7.19,5.35,0,4.31,8,4,9,High
2.2,8.33,0,11.3,5,3,3,Negative
3.64,4.9,0,5.12,7,6,10,High
6.53,6.36,1,4.18,7,2,7,High
2.07,5.76,0,7.99,6,9,6,Negative
4.49,8.51,0,0.5,7,5,8,High
2.88,4.91,0,8.64,3,6,3,Negative
4.5,4.9,1,5.22,7,5,7,High
6.81,7.08,1,3.27,8,1,10,High
5.22,7.65,0,7.14,5,6,7,Average
4.51,6.99,0,7.47,6,6,8,Average
5.48,6.46,0,4.2,6,6,5,Average
5.11,5.71,0,9.37,4,2,6,Average
2.12,7.8,1,3.31,7,5,9,High
6.67,6.44,1,6.71,6,6,7,High
5.25,5.02,1,8.24,5,8,7,Average
3.68,6.26,0,7.01,8,4,4,Average
5.0,8.05,1,6.69,4,3,7,High
7.17,8.82,0,5.17,7,4,6,High
4.12,4.88,0,7.43,2,9,4,Negative
6.08,6.65,1,5.53,6,4,6,High
2.04,6.05,0,5.63,5,8,5,Negative
6.48,4.73,0,5.98,5,6,9,High
9.79,7.34,1,3.28,9,3,10,High
5.56,6.8,0,5.24,5,3,7,High
4.73,6.87,1,6.21,7,6,8,High
6.96,6.88,0,6.94,4,5,3,Average
2.95,7.13,1,7.91,5,5,7,Average
3.58,5.84,1,5.97,9,6,6,High
10.0,8.12,1,1.36,8,1,7,High
4.18,6.01,1,7.18,8,4,7,High
5.66,6.35,0,3.31,6,2,7,High
2.81,4.04,0,5.9,3,9,6,Negative
4.24,4.85,1,8.39,6,7,6,Average
3.02,8.36,1,7.92,6,3,6,Average
4.47,6.89,1,7.49,5,6,6,Average
7.54,6.25,1,4.66,6,4,3,High
4.65,7.44,0,5.14,8,5,9,High
5.84,7.68,0,5.88,6,3,7,High
8.08,7.79,1,6.21,8,9,8,High
2.75,7.13,0,5.95,3,6,3,Negative
5.22,7.8,0,7.51,1,6,8,Average
7.04,4.79,1,6.53,7,7,9,High
8.0,8.13,1,3.51,9,1,10,High
9.54,7.7,1,4.06,7,3,8,High
6.21,5.99,1,7.25,5,2,7,High
8.16,8.53,1,1.78,10,4,9,High
3.32,5.95,0,5.84,4,8,5,Negative
4.9,7.28,1,2.2,7,8,8,High
2.67,6.08,1,11.42,1,8,6,Negative
3.92,6.69,1,10.66,3,9,8,Negative
5.84,8.46,0,0.99,1,6,5,Average
7.39,8.12,1,3.16,8,2,8,High
3.99,5.89,0,3.87,8,5,7,High
6.78,5.84,1,5.12,7,4,5,High
5.16,4.79,1,9.21,4,4,7,Average
3.77,6.04,1,7.92,7,7,4,Average
6.06,7.72,1,5.71,8,2,8,High
2.31,3.93,0,5.3,7,6,3,Negative
2.56,5.2,1,3.74,6,4,6,Average
7.98,6.96,1,1.36,8,2,9,High
8.26,7.43,0,6.84,5,7,4,Average
1.91,7.42,0,6.42,4,8,4,Negative
0.92,4.98,0,5.98,5,6,1,Negative
2.09,9.72,0,8.74,5,8,6,Negative
2.82,5.43,0,6.84,4,5,5,Negative
5.17,6.86,1,3.93,7,2,8,High
6.99,8.06,1,4.2,3,7,7,Average
3.68,5.43,0,7.58,6,8,7,Average
6.48,7.53,0,4.64,4,6,2,Average
2.88,6.01,1,2.42,7,5,7,High
2.02,4.62,1,8.69,3,6,4,Negative
4.75,5.55,0,6.79,7,5,6,Average
7.27,5.52,1,3.37,5,5,8,High
9.53,6.96,0,3.73,8,4,9,High
7.67,7.79,1,3.82,5,4,3,High
5.3,7.41,0,10.75,4,8,4,Negative
3.3,7.67,1,5.5,6,5,8,High
6.17,7.75,1,2.08,6,4,9,High
3.59,7.36,1,3.63,8,6,8,High
1.96,6.21,0,4.22,7,4,7,Average
6.78,7.68,1,5.17,5,5,4,High
5.44,5.5,1,7.82,7,6,6,Average
8.2,7.86,1,3.0,9,1,10,High
4.55,6.95,0,3.82,7,2,7,High
5.7,6.36,0,8.03,6,5,6,Average
5.42,8.05,1,3.97,8,4,6,High
4.87,8.32,1,5.98,2,4,6,Average
7.27,7.26,1,3.2,7,1,8,High
5.53,6.15,1,4.56,9,2,7,High
4.3,7.33,0,5.36,8,4,8,High
4.53,6.18,1,5.5,6,3,6,High
9.06,8.37,1,3.07,9,4,8,High
4.77,4.93,1,4.72,6,8,7,Average
5.49,7.72,1,2.92,9,1,8,High
9.79,6.78,0,7.81,3,6,9,High
6.86,5.7,0,6.31,1,9,7,Negative
6.89,6.56,0,5.47,3,6,2,Average
0.42,6.04,0,10.18,1,7,3,Negative
5.56,7.67,1,4.85,7,3,7,High
5.91,6.3,1,2.51,8,1,10,High
7.42,8.33,1,2.68,9,1,8,High
5.64,8.18,1,8.15,4,7,7,Average
5.36,5.19,0,8.55,8,6,8,Average
4.7,7.54,0,8.23,2,4,5,Average
5.65,8.65,1,3.8,7,4,8,High
6.46,6.16,1,2.88,8,2,10,High
6.43,7.03,1,5.02,3,5,8,High
6.39,7.41,1,2.48,7,2,9,High
7.37,8.9,1,1.42,8,1,9,High
4.17,6.9,1,2.71,8,4,10,High
5.64,8.02,1,2.59,8,3,10,High
5.88,3.32,1,5.08,3,8,6,Average
3.14,7.6,1,6.56,5,5,8,Average
4.9,6.62,0,7.58,6,8,8,Average
6.63,7.38,1,2.76,7,3,9,High
6.66,7.26,1,3.81,8,2,8,High
4.48,6.04,1,1.1,4,7,7,Average
6.77,7.76,1,4.35,7,2,10,High
3.22,5.67,0,6.08,5,8,7,Average
2.03,6.58,0,3.71,6,6,5,Average
6.96,8.08,0,4.77,6,4,9,High
6.37,8.19,1,7.13,6,4,8,High
5.69,6.08,0,4.67,7,6,6,High
0.68,5.54,1,5.12,5,8,4,Negative
1.93,6.04,0,6.97,5,6,3,Negative
7.49,4.78,0,5.26,4,3,5,High
0.73,8.64,1,12.0,4,7,4,Negative
5.11,7.15,1,4.78,8,1,7,High
3.76,7.94,0,6.85,8,1,6,High
3.23,4.4,1,3.76,6,5,8,High
5.31,5.72,0,7.71,4,9,5,Negative
5.45,5.25,1,4.89,5,5,8,High
4.78,7.28,0,4.86,6,5,6,High
3.6,4.97,0,4.21,4,6,6,Average
4.34,3.48,0,6.8,6,5,7,Average
6.89,7.84,1,7.91,6,1,9,High
6.83,7.39,1,5.67,6,1,6,High
6.85,5.98,0,5.56,6,5,5,High
5.73,7.88,0,4.61,7,5,6,High
8.81,8.44,0,3.15,8,3,8,High
3.2,7.87,1,7.4,6,5,9,High
8.82,3.97,0,4.6,4,8,6,Average
5.2,6.86,0,6.99,5,6,6,Average
2.98,4.49,0,4.19,4,5,5,Average
8.05,8.2,1,2.77,8,1,8,High
2.72,6.53,1,3.55,6,6,5,Average
5.0,6.26,1,8.13,6,8,5,Average
9.04,6.74,1,4.12,6,2,6,High
5.27,8.18,1,11.61,5,8,6,Average
4.4,4.81,0,6.73,5,8,6,Negative
3.42,6.11,0,6.16,8,4,7,High
5.48,7.39,0,1.6,8,1,8,High
8.4,7.94,1,5.14,9,3,9,High
5.46,5.29,0,7.28,6,5,3,Average
6.5,6.94,0,3.67,4,4,3,Average
5.44,7.03,0,4.22,7,2,10,High
4.61,5.92,0,5.15,3,7,7,Average
4.06,5.02,1,6.0,5,5,6,Average
3.39,8.11,1,4.68,7,3,7,High
8.62,6.94,1,3.2,5,3,9,High
5.35,7.76,1,4.3,5,5,8,High
9.28,4.73,0,7.89,7,4,3,High
3.94,5.86,0,9.02,4,6,7,Average
3.68,7.17,1,6.89,6,6,5,Average
6.03,6.0,1,7.66,9,8,4,Average
5.61,5.23,1,3.86,5,6,4,Average
1.63,6.19,1,7.01,2,6,8,Negative
7.41,3.37,1,4.46,6,6,8,High
5.93,6.56,1,3.94,8,1,9,High
6.28,6.61,1,5.03,8,1,8,High
1.7,5.69,0,6.83,5,9,2,Negative
3.85,6.58,0,3.17,8,4,7,High
4.88,7.2,1,2.33,10,2,8,High
4.19,4.42,1,5.18,7,7,5,Average
6.21,8.81,0,7.5,3,6,7,Average
8.56,6.05,0,6.26,4,6,5,Average
1.75,7.65,0,9.96,4,6,6,Negative
1.04,8.53,1,6.33,4,7,5,Negative
6.94,7.9,0,4.64,9,1,10,High
3.35,6.6,0,4.45,7,3,6,High
3.58,7.31,1,3.03,8,2,7,High
1.48,7.46,0,9.41,1,6,4,Negative
7.07,7.41,1,3.53,10,3,9,High
0.77,6.18,0,3.12,3,8,1,Negative
6.02,6.87,0,3.5,8,2,8,High
4.25,7.61,1,6.59,5,3,7,High
6.43,5.22,1,7.02,4,7,7,Average
7.56,5.65,1,6.09,6,6,7,High
8.14,7.89,1,5.16,8,1,9,High
4.47,7.6,1,9.13,5,5,8,Average
6.44,7.79,1,3.05,7,3,9,High
3.97,8.01,1,5.74,7,6,7,High
6.59,7.72,1,2.93,8,3,8,High
3.39,6.03,0,3.85,8,5,8,High
4.62,5.21,0,4.4,6,4,7,High
0.0,5.91,0,10.19,5,6,2,Negative
7.09,5.44,0,10.77,6,6,6,Average
7.71,7.19,0,2.63,8,1,9,High
7.32,6.71,0,8.12,6,8,10,High
3.75,6.41,1,6.08,7,6,4,Average
6.6,8.03,0,3.33,9,3,10,High
3.82,3.88,1,9.17,5,6,5,Negative
2.74,6.42,0,7.53,5,6,5,Negative
3.66,6.83,0,11.55,3,7,4,Negative
5.04,4.63,0,5.79,4,5,6,Average
7.77,8.0,1,2.25,5,3,8,High
8.26,7.38,1,4.58,8,1,7,High
3.86,9.73,0,7.52,7,5,6,Average
5.03,7.05,0,2.53,6,4,3,Average
3.81,6.55,1,4.31,5,6,8,High
9.29,5.19,1,2.42,5,4,6,High
7.9,7.93,1,2.63,9,3,9,High
2.93,7.17,1,4.96,6,5,5,Average
4.59,6.42,1,4.02,6,1,7,High
2.66,5.8,0,4.55,5,7,5,Negative
4.07,7.07,0,4.97,7,5,3,Average
7.64,7.17,1,3.23,8,1,9,High
7.44,5.88,1,6.89,6,3,6,High
4.7,6.37,0,4.35,6,4,8,High
3.69,5.96,1,6.37,8,8,9,High
7.84,7.6,1,1.46,9,2,9,High
4.03,6.75,1,2.77,9,3,6,High
5.51,9.14,0,5.75,7,5,6,High
6.51,5.16,1,7.05,4,5,7,Average
4.38,5.83,1,3.78,7,3,8,High
7.48,6.53,1,3.95,7,7,5,High
3.92,6.66,0,5.12,7,4,8,High
5.92,6.29,0,6.35,6,5,1,Average
7.86,6.72,0,5.3,5,4,6,High
6.46,8.34,1,8.11,7,8,6,Average
1.96,5.44,0,4.35,5,7,3,Negative
5.3,7.77,1,0.82,7,1,7,High
5.36,6.76,0,8.15,6,6,6,Average
3.38,7.03,1,8.62,4,6,5,Average
3.21,6.96,0,6.18,3,8,6,Negative
3.84,8.2,0,3.16,7,1,6,High
3.97,6.37,1,6.02,3,5,4,Average
4.26,5.32,1,4.69,4,6,3,Average
1.99,6.6,1,3.82,7,4,4,Average
2.17,6.47,0,4.57,3,5,8,Average
4.5,6.21,1,7.47,2,5,6,Average
4.71,6.52,0,4.71,6,2,8,High
6.73,6.9,0,5.58,6,4,9,High
6.75,7.64,1,2.06,9,2,7,High
7.05,7.85,0,10.28,6,4,7,High
2.73,5.13,0,6.6,5,4,8,Average
6.52,7.55,1,8.41,7,6,6,High
4.98,3.89,0,6.63,7,4,8,High
2.25,5.82,0,9.39,4,8,1,Negative
2.24,6.72,0,9.66,4,6,3,Negative
7.2,8.23,0,4.73,6,3,8,High
5.44,6.59,1,4.54,5,6,5,Average
7.48,6.59,1,4.22,8,2,5,High
7.19,8.1,1,4.75,3,5,4,Average
2.41,7.15,0,9.71,6,6,3,Negative
3.98,8.6,1,2.02,6,5,8,High
5.4,7.75,0,6.55,8,6,6,High
8.9,6.27,0,5.13,8,5,7,High
6.02,7.26,1,7.32,3,6,6,Average
4.57,6.31,0,6.78,4,1,5,Average
4.91,4.92,0,3.47,7,4,6,High
3.92,5.42,1,3.61,5,8,1,Negative
4.99,6.95,0,5.38,7,4,7,High
9.67,6.76,1,3.32,7,2,9,High
4.49,6.78,0,5.74,6,2,5,High
3.21,8.97,0,6.31,8,3,7,High
4.76,6.16,1,6.05,4,6,6,Average
2.59,6.83,0,3.83,9,6,7,High
5.39,7.26,1,3.6,7,1,8,High
4.71,4.97,1,8.7,4,6,6,Average
4.72,5.38,0,5.36,7,6,6,Average
6.29,8.05,1,5.02,8,3,7,High
5.02,7.24,0,7.14,3,6,4,Negative
1.76,4.42,0,5.6,5,6,2,Negative
8.76,8.18,1,3.48,8,2,7,High
5.4,7.81,1,5.98,7,4,9,High
2.92,4.12,0,7.96,4,9,5,Negative
5.9,8.5,1,4.11,9,3,9,High
4.51,6.59,0,3.08,4,3,5,Average
1.79,6.19,0,7.0,5,7,6,Negative
6.84,8.2,1,1.55,9,2,9,High
2.27,5.49,0,8.19,2,7,4,Negative
6.02,6.63,1,3.71,7,6,5,High
6.05,6.02,1,6.43,5,4,6,High
4.04,6.11,1,2.71,6,4,8,High
6.62,6.98,1,2.99,7,2,9,High
6.6,5.5,1,3.04,5,3,7,High
2.63,6.57,0,3.92,8,6,9,High
4.07,8.19,1,5.37,7,6,3,Average
6.9,3.59,0,4.78,5,9,7,Average
5.06,7.24,1,4.68,9,5,6,High
0.81,9.42,1,10.41,4,7,6,Negative
7.59,6.5,0,6.88,3,3,6,High
5.7,7.78,1,3.7,8,2,9,High
3.12,8.09,1,5.28,6,6,6,Average
3.89,6.3,1,3.89,5,5,10,High
7.93,9.77,1,6.29,8,3,6,High
2.59,7.03,0,3.49,6,3,5,Average
3.76,8.93,0,5.65,3,4,3,Negative
4.25,7.13,1,0.88,6,4,7,High
4.43,4.94,1,5.0,8,3,8,High
9.43,7.27,1,4.33,9,1,10,High
7.72,7.25,1,3.33,8,4,8,High
5.92,6.7,0,8.63,3,9,2,Negative
5.28,6.0,1,9.17,5,3,5,Average
5.16,5.99,1,3.66,7,5,7,High
7.54,5.55,0,4.77,6,2,8,High
7.39,6.28,0,3.91,7,5,6,High
2.09,6.29,1,6.22,4,7,3,Negative
2.44,6.3,0,7.95,4,8,4,Negative
5.36,7.18,1,6.5,4,2,7,High
3.59,7.16,1,4.38,6,3,7,High
4.49,5.17,1,3.1,8,3,8,High
2.31,7.4,0,9.83,3,7,5,Negative
2.24,8.75,0,6.79,5,2,4,Average
3.43,8.86,0,9.44,6,7,6,Negative
5.61,7.49,1,5.99,5,8,8,Average
7.61,5.91,0,2.38,5,6,6,High
5.53,7.59,0,3.11,7,4,7,High
7.78,5.15,0,5.24,9,3,8,High
4.57,6.85,1,4.64,7,5,6,High
2.94,7.34,1,3.85,8,4,10,High
6.38,9.39,1,2.38,8,1,9,High
6.24,7.33,1,2.62,6,3,8,High
0.7,6.84,0,9.77,4,7,7,Negative
4.38,7.33,1,2.15,3,7,5,Average
7.78,5.8,0,4.91,5,7,9,High
4.13,5.02,0,8.36,4,7,7,Negative
4.81,6.28,0,3.36,5,6,4,Average
6.3,5.44,1,7.99,6,2,6,High
2.62,3.0,0,5.63,6,8,4,Negative
3.21,6.42,0,6.78,4,6,6,Average
7.09,8.44,1,3.71,9,3,8,High
2.46,6.1,0,1.53,5,3,6,Average
8.08,7.22,1,3.76,10,1,10,High
2.97,7.32,0,5.4,9,5,7,High
4.93,8.27,1,4.4,2,4,6,Average
7.08,5.2,0,7.25,7,5,8,High
6.43,7.67,0,6.77,6,5,4,Average
6.74,7.35,0,4.09,7,1,7,High
5.27,6.43,0,4.42,6,4,4,Average
6.79,7.22,1,2.35,8,2,8,High
3.75,6.53,1,7.38,6,6,8,Average
4.17,8.61,1,7.7,7,4,7,High
5.42,6.33,1,4.55,7,7,5,Average
3.82,9.01,1,4.55,6,4,5,Average
3.96,6.15,1,6.56,6,3,7,High
4.85,7.43,0,4.6,8,5,7,High
5.29,6.33,1,6.75,4,4,1,Average
4.74,7.6,0,3.65,3,6,10,High
6.02,6.69,0,4.86,7,5,7,High
3.77,7.66,1,2.88,8,2,8,High
2.7,8.88,1,8.15,3,7,4,Negative
4.81,7.74,1,2.25,9,3,7,High
2.77,5.81,0,9.33,4,8,8,Negative
6.26,5.82,1,6.57,5,6,4,Average
0.56,8.01,0,6.75,8,2,9,High
3.47,8.22,1,2.56,8,4,9,High
7.4,6.23,0,5.82,6,5,7,High
5.98,7.8,0,4.94,4,5,5,Average
5.46,8.45,1,2.27,6,3,8,High
2.8,6.09,0,7.65,5,9,4,Negative
3.88,6.31,1,2.1,5,2,9,High
4.68,5.59,1,7.99,6,4,5,Average
4.89,8.71,0,6.76,8,4,7,High
6.01,5.59,1,3.58,8,5,10,High
5.91,5.78,1,3.58,4,7,7,Average
4.25,5.41,1,5.77,8,4,9,High
5.23,5.91,0,6.09,9,6,6,High
6.36,7.05,0,5.43,6,5,7,High
3.11,5.45,0,5.94,5,4,6,Average
7.61,6.8,1,7.7,7,4,5,High
4.28,8.25,0,3.34,9,3,5,High
3.97,4.39,0,11.44,4,5,2,Negative
3.09,4.61,0,7.29,5,5,4,Negative
3.54,6.89,1,3.56,8,8,10,High
7.27,8.29,1,5.83,6,7,8,High
6.94,4.24,0,8.89,5,4,5,Average
10.0,6.9,1,1.45,8,1,8,High
3.91,5.15,0,6.27,6,5,7,Average
6.08,7.44,0,5.96,6,3,8,High
5.62,6.29,0,5.93,5,5,5,Average
6.41,4.41,0,6.86,4,6,7,Average
6.47,7.72,0,6.87,7,4,7,High
7.07,9.13,1,3.67,4,3,9,High
5.41,7.99,0,7.69,7,2,7,High
4.65,8.06,1,4.3,7,4,8,High
7.46,7.5,1,2.42,8,1,9,High
9.83,8.59,1,5.96,6,4,6,High
6.07,8.43,1,7.38,4,5,7,Average
5.2,6.74,0,4.75,4,5,6,Average
4.66,6.14,0,6.74,6,1,8,High
2.29,5.39,0,5.61,3,6,4,Negative
5.08,8.12,0,6.67,6,5,8,High
4.96,7.99,0,4.48,6,6,4,Average
7.55,6.55,0,7.48,6,4,8,High
7.59,7.56,1,6.57,6,5,10,High
9.09,6.54,1,3.81,7,1,10,High
8.95,7.15,1,3.58,7,2,10,High
6.64,5.84,0,7.6,7,6,7,High
7.23,5.53,1,5.5,8,5,8,High
6.72,8.7,1,2.63,8,1,9,High
2.2,7.63,1,6.9,5,8,6,Average
5.07,6.79,1,3.89,8,3,8,High
1.39,7.54,1,7.36,4,5,5,Average
6.24,6.94,1,6.09,3,7,9,Average
2.5,7.09,0,6.59,6,6,4,Average
4.78,8.12,1,4.69,7,3,8,High
4.71,8.34,0,7.95,4,8,6,Negative
5.31,9.0,1,5.51,6,4,7,High
2.64,6.7,1,9.78,4,6,6,Negative
3.75,6.73,1,4.85,7,3,8,High
6.33,4.93,0,5.67,5,4,1,Average
2.43,5.37,1,4.44,4,7,7,Average
6.93,6.08,1,6.2,7,3,6,High
2.43,4.74,0,8.65,5,9,4,Negative
4.23,6.83,1,7.1,7,3,7,High
2.61,6.14,0,7.62,7,9,5,Negative
1.88,7.51,1,7.49,7,5,8,Average
4.59,5.66,1,6.56,6,4,4,Average
5.68,9.58,1,2.13,6,4,9,High
6.31,7.99,0,3.76,8,1,9,High
6.98,8.3,0,2.35,7,1,8,High
3.07,3.0,0,9.22,4,6,4,Negative
1.75,5.63,1,9.94,4,8,6,Negative
7.05,7.22,1,3.54,7,3,8,High
2.79,5.78,0,5.48,4,8,4,Negative
0.96,4.11,1,5.62,7,8,4,Negative
7.77,7.02,1,5.46,7,1,8,High
3.15,7.73,1,4.38,6,5,9,High
9.14,7.03,0,6.48,8,3,10,High
7.77,4.93,0,4.58,3,6,6,Average
4.44,6.96,0,2.15,7,1,4,High
2.24,5.55,0,4.97,4,9,5,Negative
5.86,7.64,1,4.2,10,4,8,High
3.1,6.86,0,6.15,7,6,7,Average
2.82,6.71,0,7.98,3,5,6,Negative
5.96,8.28,0,6.73,5,6,6,Average
9.83,4.36,0,6.11,7,6,7,High
4.75,6.98,1,8.71,3,5,9,Average
2.38,7.71,1,10.25,6,6,4,Negative
6.2,6.29,1,3.59,5,2,10,High
5.79,6.44,0,5.44,6,5,7,High
7.03,4.9,0,3.44,4,6,2,Average
1.64,6.88,0,10.0,5,8,2,Negative
3.93,6.95,0,3.25,8,3,4,High
2.09,6.88,0,4.62,1,7,6,Negative
4.01,7.9,0,2.78,9,2,8,High
8.05,7.28,1,6.97,6,6,8,High
4.36,6.21,1,4.79,7,3,8,High
6.74,6.67,0,5.46,6,6,6,High
6.34,6.91,1,5.22,8,5,4,High
3.45,5.26,1,6.68,6,4,8,High
5.75,8.02,0,6.49,7,2,7,High
8.52,7.66,1,5.86,10,8,7,High
6.1,6.77,0,4.67,5,4,9,High
0.66,7.89,0,8.08,5,7,6,Negative
5.8,7.42,1,3.41,8,2,10,High
7.53,7.37,1,0.5,10,3,6,High
4.72,7.87,0,7.28,4,6,7,Average
7.45,5.11,0,5.15,7,6,7,High
6.11,5.6,0,4.34,2,4,5,Average
5.06,5.49,0,6.91,6,8,6,Average
1.29,6.2,0,6.38,5,5,6,Average
5.07,6.15,1,5.53,4,6,4,Average
9.21,7.55,1,5.63,6,3,7,High
6.0,7.34,0,8.2,4,1,7,High
2.48,8.58,1,5.39,6,5,6,Average
1.77,7.47,0,8.38,6,7,5,Negative
6.24,6.15,0,2.74,6,6,7,High
5.53,4.99,0,6.26,6,5,6,Average
4.15,7.86,0,3.76,4,4,7,Average
7.58,4.09,0,4.85,5,7,7,Average
4.98,7.56,1,6.12,9,4,5,High
5.36,7.09,1,3.63,7,2,8,High
4.33,4.84,0,9.54,7,7,6,Average
3.53,8.79,1,3.05,5,7,9,High
3.89,6.86,1,4.03,6,2,7,High
5.81,6.91,0,4.99,3,8,7,Average
5.26,8.36,1,1.19,7,4,7,High
4.55,7.72,1,6.53,4,4,8,High
7.44,5.45,0,7.91,4,7,4,Average
4.74,6.1,1,7.74,9,5,7,High
4.21,6.32,0,5.91,8,3,6,High
2.17,6.63,0,5.2,7,6,6,Average
2.42,7.01,0,7.57,8,5,5,Average
4.86,7.75,1,1.77,9,4,7,High
4.86,6.83,1,4.07,5,4,7,High
6.15,9.57,0,6.62,7,6,7,High
1.97,3.63,0,6.53,4,6,6,Negative
7.98,4.38,0,3.17,6,8,5,Average
7.53,5.76,0,3.23,6,5,7,High
5.1,8.41,0,5.92,3,6,2,Negative
6.28,7.03,1,5.45,5,8,6,Average
7.37,7.11,1,3.19,8,3,9,High
5.85,5.81,1,4.04,6,8,5,Average
6.82,3.39,0,8.75,7,5,8,High
7.47,7.6,1,2.97,7,2,10,High
4.59,6.62,1,4.84,5,2,6,High
6.32,6.52,1,6.75,6,4,6,High
3.27,5.74,1,6.34,1,9,2,Negative
8.13,5.93,0,2.4,6,3,7,High
5.08,6.72,0,2.6,7,5,6,High
1.88,3.92,0,7.69,3,7,1,Negative
6.17,7.3,1,3.53,5,6,8,High
8.34,6.45,0,4.73,5,4,5,High
3.18,6.73,0,5.75,9,5,7,High
6.54,4.95,0,7.03,6,6,6,Average
6.78,5.9,1,2.3,8,4,9,High
3.84,7.39,0,8.83,9,5,7,High
7.01,6.87,0,3.17,6,4,10,High
6.95,6.71,1,7.76,7,1,6,High
4.74,6.53,1,5.96,5,5,5,Average
2.97,5.74,1,9.67,6,5,7,Average
4.06,8.17,0,4.88,8,4,8,High
6.89,7.08,1,2.29,8,4,10,High
3.97,7.02,0,1.77,9,6,6,High
9.28,5.43,0,7.85,4,7,5,Average
6.26,6.07,1,2.51,4,6,9,High
8.87,6.28,0,6.56,9,5,6,High
4.14,3.9,1,8.01,7,6,4,Average
5.29,8.36,1,3.3,8,3,7,High
6.48,6.91,1,5.48,6,6,3,Average
6.61,5.01,0,4.94,7,8,2,Average
2.75,8.39,0,8.77,4,8,1,Negative
5.34,9.03,1,4.84,7,5,7,High
3.98,6.94,1,6.17,5,1,7,High
5.02,8.05,0,4.19,6,1,8,High
2.31,7.59,1,7.28,1,4,3,Negative
2.54,7.01,1,5.92,7,3,6,High
4.59,7.71,1,7.59,7,2,6,High
7.88,8.5,1,1.64,9,3,10,High
5.53,6.97,0,4.26,4,6,8,Average
4.13,8.46,0,6.11,5,5,7,Average
7.53,8.18,0,5.42,5,5,7,High
6.94,7.85,1,3.3,8,1,9,High
5.4,9.71,0,5.91,6,3,9,High
2.94,5.98,1,4.04,2,10,3,Negative
5.49,6.77,1,6.19,10,4,8,High
6.61,8.02,1,0.92,8,1,10,High
2.29,5.38,1,6.28,3,6,5,Negative
2.94,5.26,0,5.82,5,5,5,Average
6.34,7.98,1,5.05,5,5,6,High
7.52,8.37,1,6.8,6,5,6,High
4.17,5.37,0,9.43,5,4,3,Negative
4.1,9.63,0,8.5,4,5,6,Average
5.43,5.31,0,4.41,7,4,8,High
3.82,5.6,1,8.73,5,7,7,Average
8.83,7.04,1,1.51,9,1,10,High
6.99,7.12,0,6.74,4,7,8,Average
8.33,7.03,1,5.08,8,4,9,High
5.03,7.28,0,6.16,6,2,6,High
5.77,5.76,1,9.03,4,4,5,Average
6.99,7.4,0,2.53,6,1,9,High
5.37,7.01,0,4.52,5,5,6,Average
4.63,8.19,1,9.02,3,7,6,Average
2.92,4.11,0,8.07,3,8,4,Negative
6.23,8.45,1,3.43,7,3,9,High
1.07,3.57,0,7.13,7,8,2,Negative
8.95,8.12,1,2.11,9,4,10,High
2.9,5.5,0,7.16,1,6,7,Negative
3.59,5.63,0,8.13,2,2,5,Average
2.12,6.62,0,5.17,4,5,5,Average
1.43,6.11,0,9.21,4,6,5,Negative
3.93,6.31,0,6.4,4,4,7,Average
7.11,5.13,0,5.38,3,6,5,Average
5.01,6.9,1,8.89,6,6,5,Average
3.11,7.8,1,4.46,5,3,7,High
6.67,5.79,0,5.82,7,4,4,High
6.27,5.26,1,4.18,8,6,6,High
1.95,4.76,0,8.59,6,7,7,Negative
3.43,7.36,0,5.94,3,4,7,Average
6.98,4.91,0,3.57,4,4,6,High
4.23,8.93,1,4.58,6,2,7,High
6.32,8.0,0,6.4,5,7,7,Average
6.03,6.55,0,7.3,7,6,6,Average
7.57,3.71,0,9.49,5,7,6,Average
4.91,8.5,0,10.41,6,4,5,Average
4.52,6.58,0,6.78,6,5,4,Average
3.54,8.68,1,5.11,5,6,7,Average
5.32,6.06,0,7.3,8,4,8,High
2.18,6.92,0,6.34,3,8,3,Negative
1.47,7.55,0,7.06,7,8,8,Average
4.12,7.28,0,7.95,5,6,4,Average
6.28,6.28,0,7.3,7,6,8,High
3.77,5.92,0,3.62,7,4,8,High
6.65,6.21,0,3.46,5,4,9,High
5.75,5.02,1,6.81,7,4,6,High
8.57,6.38,1,3.92,8,2,8,High
1.76,6.03,0,11.33,5,5,3,Negative
1.74,8.07,1,6.36,5,5,6,Average
3.51,5.45,0,11.22,4,6,4,Negative
7.59,7.42,1,3.07,10,2,8,High
3.02,6.31,0,3.39,6,3,8,High
5.95,4.94,0,6.45,8,3,5,High
2.96,6.96,0,7.82,4,7,8,Average
7.06,7.9,0,4.03,8,2,8,High
10.0,7.75,1,3.19,6,3,9,High
3.21,6.48,0,6.15,5,6,4,Average
6.3,7.97,1,2.97,10,3,8,High
7.71,6.77,0,3.36,5,6,4,Average
4.5,5.39,0,7.07,4,8,5,Negative
3.54,8.65,0,5.85,7,4,6,Average
5.63,8.15,0,8.26,5,6,6,Average
4.04,8.06,1,5.39,5,7,5,Average
5.08,8.33,1,7.76,6,5,7,High
9.29,7.09,0,5.41,5,7,4,Average
5.09,7.32,0,3.25,7,4,8,High
4.39,5.9,1,3.84,5,4,7,High
7.83,5.93,0,4.78,1,7,5,Average
3.45,9.19,0,5.24,5,6,6,Average
3.78,6.61,0,6.07,8,5,7,High
2.17,6.97,0,7.82,3,8,3,Negative
8.43,5.07,0,4.36,7,5,8,High
5.12,8.87,0,4.48,5,6,8,Average
4.99,8.83,1,3.66,8,1,8,High
6.81,8.05,1,4.36,9,2,7,High
7.93,6.81,0,6.87,1,6,8,Average
6.78,7.73,0,3.31,6,5,9,High
4.39,5.44,0,5.11,6,6,7,Average
7.51,7.74,1,0.5,8,1,8,High
6.63,6.77,1,2.36,7,1,9,High
6.93,4.74,0,6.11,9,5,9,High
9.15,7.22,1,2.87,6,2,8,High
8.22,7.99,1,3.08,9,1,10,High
2.17,6.19,0,9.48,3,6,5,Negative
4.72,6.3,1,5.28,8,5,6,High
4.23,4.95,0,7.67,5,6,8,Average
6.29,6.53,0,6.67,4,6,3,Average
5.35,7.84,1,9.29,7,3,5,High
3.72,7.12,1,5.86,8,4,7,High
3.58,5.18,1,9.0,3,8,6,Negative
8.54,6.54,0,10.81,4,4,4,Average
4.06,8.78,0,4.19,7,4,3,Average
5.38,7.2,1,4.97,6,3,6,High
1.6,4.38,0,9.13,4,5,3,Negative
6.78,7.08,1,2.81,9,2,9,High
6.06,6.25,0,6.52,5,5,4,Average
3.96,8.82,1,9.45,9,2,9,High
1.26,5.46,1,4.31,6,4,6,Average
9.21,6.96,1,3.29,7,4,8,High
3.3,7.01,0,9.43,6,3,7,Average
5.4,3.98,0,6.67,4,7,3,Negative
2.58,5.99,0,7.07,3,4,6,Average
6.51,5.95,1,3.16,8,5,4,High
1.91,6.65,0,5.3,3,5,5,Negative
4.05,6.28,0,5.38,1,1,7,Average
6.91,7.88,1,3.88,9,4,7,High
6.11,6.43,1,3.0,7,3,8,High
5.63,6.73,0,6.07,3,4,3,Average
6.82,4.74,0,6.47,7,2,3,High
3.15,8.84,0,7.99,5,8,5,Negative
3.63,6.85,1,7.23,7,7,10,High
7.83,6.09,1,3.69,10,1,10,High
5.09,5.61,0,5.82,7,4,8,High
5.65,6.47,0,7.85,5,4,7,Average
5.58,6.21,0,7.5,3,6,6,Average
5.1,8.76,1,3.1,7,6,8,High
3.52,3.0,1,9.72,7,6,2,Negative
5.53,7.72,1,6.42,5,2,4,High
3.23,6.06,0,6.37,7,5,7,Average
7.26,5.05,0,5.61,6,5,6,High
6.7,7.55,0,10.99,5,6,6,Average
5.5,6.27,0,6.22,5,6,6,Average
3.46,6.88,1,3.62,8,1,10,High
5.93,7.62,0,2.0,5,3,7,High
3.33,6.42,0,4.57,4,3,8,High
7.29,7.29,1,2.44,8,3,8,High
3.43,6.54,1,5.18,7,4,9,High
5.78,8.61,1,2.25,8,1,9,High
9.11,6.14,0,3.71,5,6,4,High
6.45,7.16,1,5.35,9,7,5,High
1.77,4.9,0,7.16,2,8,4,Negative
4.12,8.18,0,6.28,6,3,10,High
5.22,8.04,1,3.7,5,4,6,High
3.09,6.59,0,10.27,4,8,3,Negative
6.35,6.63,0,4.13,10,3,1,High
5.55,9.03,1,3.59,8,1,10,High
1.3,5.85,0,9.64,4,9,4,Negative
4.55,7.74,1,6.36,6,5,9,High
6.39,7.59,1,5.45,7,2,8,High
3.97,4.77,1,5.35,3,5,6,Average
5.82,4.75,1,2.17,4,6,1,Average
2.85,6.05,0,2.76,4,4,3,Average
5.37,6.89,1,3.98,7,2,8,High
6.6,8.73,1,6.15,9,4,9,High
5.76,8.0,0,5.24,4,3,9,High
3.73,4.96,0,8.03,8,6,5,Average
0.31,5.17,0,5.41,2,7,3,Negative
4.6,5.93,1,6.9,3,6,8,Average
8.84,7.48,1,2.43,10,2,10,High
1.84,7.11,1,8.79,4,7,5,Negative
8.36,7.99,1,3.94,9,3,10,High
4.83,5.79,0,4.21,7,6,9,High
2.42,10.0,1,7.37,2,6,6,Negative
7.4,6.64,1,9.29,4,6,3,Average
7.32,5.7,0,6.01,8,3,9,High
3.55,6.96,1,5.33,6,4,6,High
2.92,6.79,0,6.34,6,6,5,Average
8.24,3.95,1,9.56,3,8,5,Negative
9.2,7.29,0,4.65,10,4,9,High
2.89,8.48,1,7.35,5,3,10,High
6.13,7.69,1,1.57,9,3,8,High
6.81,7.56,1,3.57,9,3,8,High
6.34,6.82,1,5.26,7,4,7,High
4.63,7.34,0,5.28,6,6,5,Average
7.32,9.06,1,2.48,8,3,8,High
4.14,6.93,1,2.34,7,2,10,High
3.4,9.78,1,6.79,4,6,4,Negative
5.33,7.92,1,3.51,7,3,8,High
3.39,6.94,1,8.38,4,6,4,Negative
2.38,4.04,0,6.29,2,6,4,Negative
6.45,8.02,0,5.99,4,4,6,High
6.67,4.15,1,6.15,4,6,2,Average
1.56,6.06,1,9.71,7,5,9,Average
5.84,8.14,0,5.03,7,4,8,High
6.71,6.34,0,6.81,7,2,4,High
7.0,8.14,1,4.39,7,1,8,High
6.72,4.82,0,5.29,4,7,8,Average
7.23,7.93,1,4.84,7,1,9,High
4.56,7.47,0,6.12,6,3,7,High
6.13,6.53,0,8.2,5,5,5,Average
3.99,6.53,0,4.62,6,3,7,High
7.07,8.08,0,1.85,7,4,3,High
5.61,8.09,0,4.72,4,6,6,Average
7.16,5.41,0,5.97,5,6,5,Average
6.12,6.6,0,3.41,6,5,9,High
6.68,6.6,0,1.2,5,5,7,High
3.93,5.0,1,8.82,3,7,5,Negative
10.0,7.26,1,2.48,8,3,8,High
3.96,6.17,0,7.47,6,3,8,High
6.48,5.05,0,8.79,5,10,6,Negative
8.97,6.69,0,10.53,3,4,3,Average
4.94,6.41,1,7.92,5,3,6,High
1.85,8.18,1,10.54,5,5,5,Negative
2.97,7.79,0,6.87,5,5,2,Negative
6.57,6.17,1,1.44,7,1,9,High
6.75,7.48,0,5.53,5,2,9,High
6.82,7.32,1,3.46,9,3,6,High
5.13,8.4,0,4.16,4,6,4,Average
3.55,8.69,0,6.43,2,4,5,Average
7.45,7.66,1,5.53,6,4,5,High
7.89,6.81,0,6.26,2,8,6,Average
2.97,7.37,0,6.2,5,4,6,Average
3.72,7.8,1,4.27,9,3,8,High
6.5,6.98,1,4.1,10,1,9,High
5.51,8.18,0,3.63,5,4,8,High
4.91,4.91,1,3.52,2,8,5,Negative
5.72,6.43,1,6.9,7,5,9,High
9.12,4.17,0,8.33,4,7,9,Average
5.22,5.47,0,6.23,2,6,3,Negative
7.22,7.1,1,2.89,7,3,7,High
5.82,6.02,0,6.38,8,7,8,High
6.44,5.71,1,6.25,6,9,4,Average
5.58,6.58,0,2.85,8,6,7,High
4.88,7.62,1,5.6,9,2,9,High
7.01,7.39,1,2.24,3,4,7,High
3.25,6.8,1,3.62,5,6,9,High
4.24,6.85,1,3.92,7,3,7,High
7.77,6.89,1,2.14,8,3,7,High
6.28,5.45,0,7.59,6,4,8,High
5.97,7.62,1,6.3,7,2,7,High
8.15,5.82,0,7.96,6,8,6,Average
4.62,6.14,1,6.34,8,4,8,High
7.17,8.83,1,2.92,9,4,10,High
2.62,3.75,0,8.03,4,9,5,Negative
4.25,8.92,0,5.74,6,6,8,Average
4.08,5.81,1,4.21,5,7,6,Average
5.38,7.15,0,3.08,7,4,7,High
5.67,5.61,1,5.79,8,6,8,High
5.57,7.06,1,6.73,4,3,8,High
7.52,5.58,0,3.38,6,3,6,High
6.62,5.43,0,6.23,5,5,6,Average
2.71,9.12,1,8.37,2,7,1,Negative
6.18,7.73,1,8.08,8,2,9,High
3.41,7.19,1,8.23,7,3,6,High
5.56,8.34,0,5.63,4,3,2,Average
6.01,5.3,1,4.83,8,4,9,High
7.28,7.78,1,9.9,5,4,7,High
7.69,5.82,0,5.62,5,5,5,Average
2.58,7.07,0,5.9,1,9,9,Negative
4.06,6.84,1,4.81,6,4,6,High
4.31,8.52,1,6.46,6,5,6,Average
1.52,4.22,0,8.1,5,6,3,Negative
6.76,6.96,1,2.88,8,4,10,High
3.97,6.93,0,10.89,6,5,4,Average
5.46,7.72,0,8.96,4,2,8,High
3.69,5.56,0,3.46,6,7,8,Average
6.94,5.87,0,4.66,7,6,6,High
8.05,3.05,0,4.1,4,8,5,Average
2.07,9.03,0,7.08,2,5,4,Negative
5.36,8.33,1,3.99,7,1,7,High
3.68,6.54,0,9.02,4,8,5,Negative
6.96,5.74,0,6.74,5,3,4,Average
5.96,6.9,1,2.12,8,1,8,High
4.59,6.09,0,3.61,5,6,5,Average
3.5,7.15,1,4.41,7,3,6,High
7.21,8.15,1,2.47,5,4,6,High
7.98,6.58,0,4.68,6,4,8,High
5.72,7.9,1,4.27,7,6,5,High
5.21,7.73,1,3.74,8,4,9,High
6.48,6.27,1,2.07,3,4,6,High
4.98,9.72,1,8.14,5,1,5,High
5.67,7.07,0,5.34,5,3,9,High
7.64,7.04,1,5.43,10,4,7,High
3.9,7.51,0,4.49,6,3,8,High
7.51,8.24,0,6.85,6,8,8,High
5.9,6.87,1,4.69,4,6,2,Average
4.52,7.82,1,5.14,8,5,4,High
1.28,7.1,0,4.55,4,5,5,Average
8.45,7.98,0,2.34,9,5,9,High
5.87,6.16,1,5.39,7,5,8,High
3.67,6.88,1,3.8,5,3,9,High
4.86,7.4,1,3.81,7,2,8,High
5.76,6.5,1,2.46,6,5,6,High
5.85,6.6,0,6.08,7,5,6,High
2.75,8.05,0,4.5,3,5,7,Average
4.48,7.34,0,11.35,4,6,4,Negative
2.21,6.75,0,5.21,5,2,8,High
7.28,7.42,0,9.64,4,5,4,Average
4.94,8.08,0,3.61,8,3,10,High
2.39,6.14,0,5.64,5,6,6,Average
7.86,7.36,0,8.42,3,3,3,Average
6.39,7.2,1,3.66,9,2,9,High
5.56,5.69,0,10.87,6,6,4,Average
2.66,5.19,0,6.45,4,9,6,Negative
9.34,6.89,1,5.81,9,1,7,High
8.15,5.67,0,8.49,6,1,6,High
6.7,7.14,1,2.87,9,2,8,High
5.38,4.29,0,6.12,5,10,5,Negative
3.75,5.64,0,4.11,4,7,7,Average
2.0,6.04,0,7.88,4,6,9,Average
4.99,7.22,1,3.98,7,2,10,High
2.12,5.03,1,4.1,4,5,2,Negative
4.03,7.81,1,3.79,8,6,10,High
4.65,5.12,0,5.32,4,6,5,Average
5.56,6.22,1,3.55,8,2,10,High
5.67,4.16,0,6.87,5,8,4,Negative
3.6,5.43,0,5.67,7,3,4,Average
4.93,6.89,0,2.94,5,3,7,High
5.72,9.04,1,4.28,7,6,9,High
4.52,4.76,0,7.97,7,10,5,Negative
6.43,7.12,1,5.49,8,5,6,High
7.21,5.79,1,4.92,8,6,8,High
7.03,4.49,0,7.68,4,7,7,Average
2.58,6.52,0,9.93,7,5,1,Negative
2.9,6.94,1,7.26,5,3,8,High
4.95,7.85,0,5.65,7,6,7,High
4.85,10.0,1,10.61,4,5,5,Average
4.57,6.34,0,5.44,6,8,6,Average
5.63,8.26,0,1.45,5,3,7,High
6.09,7.13,0,7.25,9,4,6,High
6.79,5.74,1,5.82,6,7,6,Average
4.56,6.26,1,4.73,7,3,5,High
5.39,9.0,1,6.05,3,4,7,Average
4.28,7.03,0,4.21,7,3,8,High
3.2,6.44,0,6.45,4,5,7,Average
8.64,7.55,1,3.62,8,4,6,High
6.79,7.13,0,4.46,6,5,7,High
6.38,8.57,0,1.84,8,4,8,High
5.82,5.86,0,5.71,5,9,7,Average
6.18,6.54,0,6.03,8,4,8,High
2.38,5.81,1,6.49,4,4,6,Average
4.57,8.54,1,1.02,6,7,7,High
4.76,5.14,0,7.29,5,3,4,Average
8.0,7.25,1,4.99,6,2,9,High
6.4,7.68,1,2.58,7,1,7,High
2.89,5.92,0,8.25,3,7,4,Negative
6.33,7.76,1,3.62,9,1,9,High
6.47,8.46,1,3.03,8,2,7,High
3.03,7.49,0,5.79,5,5,5,Average
6.18,6.81,1,4.17,7,3,7,High
3.16,6.68,0,9.72,4,8,5,Negative
4.11,7.81,0,6.54,8,7,7,Average
6.99,8.17,1,3.83,7,2,7,High
7.38,8.17,1,3.58,6,2,10,High
3.23,4.21,0,12.0,5,8,2,Negative
9.07,5.49,1,6.11,5,4,4,High
4.77,7.32,1,2.72,9,1,9,High
6.03,6.47,1,4.38,7,4,6,High
6.01,7.24,1,7.27,7,5,9,High
7.9,4.04,0,8.0,5,3,5,Average
3.97,3.39,0,4.02,4,8,5,Negative
5.54,9.5,1,4.52,6,4,10,High
5.78,7.52,1,7.1,5,5,6,High
7.74,6.82,1,3.79,9,1,9,High
6.38,6.64,1,9.99,5,4,8,High
7.8,6.74,1,2.75,7,5,9,High
5.79,7.74,1,7.53,7,2,8,High
3.97,7.79,1,6.66,5,6,8,Average
7.59,6.19,0,7.15,4,4,7,High
3.78,5.29,1,9.37,5,4,3,Average
6.48,8.61,1,2.95,10,2,10,High
6.4,7.68,1,2.39,10,4,6,High
6.18,7.24,1,1.81,10,2,9,High
5.39,9.14,1,5.77,6,5,7,High
10.0,3.77,0,5.0,5,5,6,High
5.51,6.95,1,5.29,6,4,4,High
1.38,7.22,0,7.86,5,7,6,Negative
7.5,6.66,0,4.55,6,7,5,Average
6.27,7.86,0,6.73,4,3,8,High
5.88,5.44,1,3.87,6,3,5,High
2.31,9.63,0,7.57,3,8,4,Negative
3.71,6.61,1,4.0,8,4,7,High
1.55,7.41,0,4.92,4,7,2,Negative
5.29,5.61,0,5.87,7,3,7,High
5.55,6.24,1,8.28,7,4,7,High
1.38,6.05,1,6.29,4,7,5,Negative
4.72,8.35,0,7.77,9,7,5,Average
5.43,7.78,1,2.64,5,4,7,High
4.0,6.95,1,3.51,5,4,8,High
6.55,4.55,0,9.06,6,4,5,Average
9.23,8.21,1,2.04,8,1,9,High
6.15,6.8,1,4.58,8,3,8,High
5.7,6.5,1,8.4,3,5,8,Average
5.23,7.53,0,4.89,5,3,7,High
4.32,5.34,0,7.43,6,9,7,Average
3.7,5.84,1,3.78,5,6,5,Average
1.55,5.88,0,9.39,3,7,6,Negative
3.5,7.66,1,5.02,7,4,5,High
1.44,6.32,0,7.48,4,6,6,Negative
4.57,7.37,0,5.95,7,4,8,High
4.83,5.5,0,7.17,4,7,6,Average
6.85,6.21,0,3.96,5,5,3,Average
3.78,6.11,0,4.63,3,8,7,Negative
7.3,8.19,1,3.1,8,1,8,High
4.19,5.01,0,6.94,7,5,9,High
4.65,6.06,0,5.74,6,4,6,Average
4.2,7.52,1,4.09,4,1,8,High
7.45,6.33,1,5.14,8,3,9,High
6.17,6.99,1,5.67,6,3,6,High
8.07,5.26,1,9.68,1,7,5,Negative
3.2,6.95,0,4.47,8,4,7,High
8.58,8.05,1,0.5,9,2,8,High
6.33,6.32,1,6.61,6,3,4,High
3.79,6.77,0,4.06,7,5,6,High
2.13,8.59,0,6.8,5,1,6,Average
0.0,3.31,1,8.06,3,9,3,Negative
2.68,9.15,0,6.63,5,4,6,Average
1.64,8.15,1,0.94,6,3,6,High
7.19,6.58,0,6.6,1,5,7,Average
3.09,7.26,0,7.31,3,7,1,Negative
2.74,7.13,0,6.78,5,4,5,Average
7.14,9.22,0,7.11,7,3,7,High
6.41,5.6,0,3.39,3,6,3,Average
4.66,6.68,1,7.01,3,7,4,Negative
3.99,8.31,1,2.41,6,5,6,High
2.13,7.48,0,4.89,7,5,4,Average
4.83,6.26,1,9.04,7,3,7,High
5.66,5.28,0,4.91,6,3,8,High
3.83,7.88,1,3.37,8,2,8,High
3.77,4.7,1,2.06,5,3,6,High
4.34,8.48,1,5.43,7,4,6,High
6.25,8.76,0,5.1,8,5,5,High
4.87,7.32,0,7.17,6,9,10,Average
2.32,5.5,1,9.07,5,8,5,Negative
5.43,3.71,0,4.59,10,5,3,Average
8.01,7.36,0,2.09,8,2,9,High
6.3,6.83,1,3.33,7,2,9,High
6.43,8.06,1,1.86,7,3,9,High
9.6,5.28,1,5.88,3,2,8,High
4.83,4.88,0,5.16,5,3,8,High
2.36,4.88,0,9.29,4,4,7,Average
5.24,5.05,0,4.54,7,2,7,High
6.97,7.77,0,4.18,4,4,7,High
6.42,7.58,0,1.59,5,5,7,High
3.66,8.07,1,5.25,4,5,6,Average
6.06,7.26,0,4.03,8,1,9,High
1.98,6.04,0,10.1,3,10,3,Negative
5.65,7.71,0,3.47,7,5,7,High
4.01,7.66,1,2.53,7,3,9,High
1.71,6.93,0,10.69,3,7,4,Negative
2.89,5.85,0,7.14,4,7,4,Negative
4.17,7.18,0,5.88,6,5,8,High
6.39,7.27,1,4.15,6,3,9,High
8.5,8.57,1,5.65,10,2,10,High
7.09,7.36,0,4.16,8,1,8,High
6.25,8.42,0,2.74,10,5,8,High
2.7,8.88,0,7.65,1,6,6,Negative
4.61,7.15,1,3.9,4,7,5,Average
2.6,6.95,0,7.05,5,5,3,Negative
4.09,6.05,0,8.33,1,5,5,Negative
6.67,6.28,0,8.18,5,7,6,Average
3.18,3.65,1,6.84,4,5,5,Average
3.57,8.4,0,8.42,5,4,8,Average
6.23,8.63,0,8.02,5,4,8,High
3.42,3.23,0,7.74,5,8,5,Negative
2.86,7.81,1,4.85,4,2,6,High
3.4,5.72,0,3.31,8,6,6,Average
5.86,7.02,1,1.3,9,1,7,High
10.0,8.72,1,7.17,4,4,8,High
4.9,6.64,1,4.97,7,2,10,High
5.84,6.61,0,5.31,8,4,6,High
7.11,7.42,1,0.77,6,4,8,High
9.16,6.63,0,3.57,8,4,8,High
6.13,5.95,0,5.99,10,5,8,High
5.09,7.04,1,3.88,8,4,7,High
6.29,5.4,0,4.83,7,4,5,High
5.71,3.9,0,7.31,6,8,6,Average
5.26,6.64,0,5.82,7,4,7,High
6.47,7.47,1,2.46,4,3,8,High
4.15,7.47,0,6.04,4,5,6,Average
4.08,7.44,1,2.9,5,2,8,High
4.83,5.55,0,4.21,4,7,7,Average
0.94,3.79,1,9.41,5,7,3,Negative
7.65,8.55,0,5.44,3,6,6,Average
7.34,5.74,0,5.67,4,5,4,Average
4.7,6.39,1,5.27,6,7,8,High
3.98,5.36,1,3.1,4,7,4,Average
2.48,4.01,0,8.03,6,10,8,Negative
5.28,8.07,1,2.16,9,1,8,High
7.91,5.8,0,4.66,4,4,10,High
6.68,6.66,0,7.93,7,3,4,High
6.75,7.61,0,4.02,7,4,9,High
6.76,5.28,1,0.5,9,2,10,High
9.07,7.14,0,7.67,9,6,10,High
5.82,5.51,1,5.6,5,3,4,High
3.6,4.93,0,3.51,7,5,8,High
4.1,5.66,1,8.97,7,3,9,High
1.95,8.19,0,4.73,4,6,4,Negative
4.13,5.13,0,7.38,6,6,9,Average
4.73,7.3,0,4.65,8,6,7,High
2.51,4.51,0,7.59,3,6,5,Negative
3.03,6.21,1,6.1,6,3,8,High
3.22,7.48,1,6.77,5,5,7,Average
3.04,3.0,1,4.91,5,8,6,Negative
4.22,7.15,1,5.25,6,8,6,Average
4.12,7.36,1,6.66,8,5,5,High
6.93,7.29,1,5.96,7,5,6,High
2.04,4.41,0,10.06,5,6,6,Negative
7.46,7.46,0,10.31,6,5,8,High
7.58,8.95,1,5.22,8,4,8,High
5.36,6.94,1,2.45,9,4,8,High
4.54,7.35,1,4.26,7,5,5,High
2.7,6.18,0,3.43,7,6,7,Average
4.32,8.37,0,5.09,4,4,6,Average
0.9,5.42,0,5.63,4,7,6,Negative
5.76,9.88,0,4.09,6,5,5,Average
5.73,5.23,1,7.43,5,6,7,Average
6.85,8.2,1,4.2,8,1,7,High
8.95,7.74,1,6.13,9,4,8,High
4.08,6.86,0,8.62,6,6,7,Average
2.04,5.61,0,5.55,1,5,3,Negative
5.51,6.67,1,2.5,7,4,6,High
4.85,6.07,0,6.77,6,3,8,High
1.93,6.51,1,6.61,3,5,3,Negative
2.07,6.41,0,7.59,7,4,8,Average
6.74,6.18,0,4.14,5,2,2,High
5.29,7.88,1,6.33,7,4,7,High
6.0,6.78,1,5.81,9,6,9,High
7.68,7.49,1,4.34,7,2,7,High
4.54,5.67,0,5.75,6,5,8,High
4.91,6.64,0,5.42,7,5,7,High
7.14,4.51,0,7.33,6,5,5,Average
7.64,5.06,0,2.26,6,6,6,High
3.51,7.12,0,6.9,6,5,5,Average
4.75,4.38,0,6.57,6,5,6,Average
6.43,7.67,0,3.31,8,4,9,High
7.7,8.51,1,5.35,5,8,7,High
8.17,5.77,1,3.72,6,2,10,High
5.8,7.87,0,3.66,6,3,10,High
2.21,6.4,1,5.68,7,4,9,High
5.89,6.73,1,1.4,6,6,6,High
4.76,6.36,0,3.06,7,6,7,High
7.13,9.05,1,1.17,8,1,5,High
2.7,7.62,0,5.24,1,8,3,Negative
6.77,3.83,1,8.51,7,8,7,Average
6.0,6.03,0,4.41,6,6,7,High
6.48,6.32,0,5.9,2,4,4,Average
8.2,5.79,0,6.74,6,6,5,Average
3.7,7.93,0,6.5,6,4,8,High
5.48,6.64,0,8.15,5,2,6,High
4.07,5.71,0,9.78,3,6,4,Negative
2.49,5.42,0,5.01,3,8,6,Negative
4.47,6.74,1,0.5,6,5,9,High
5.08,6.57,1,2.76,6,3,8,High
3.3,6.56,1,6.44,6,7,6,Average
6.94,6.05,0,4.59,5,4,8,High
6.39,6.21,0,4.79,6,4,6,High
7.43,7.71,1,2.79,8,1,7,High
4.36,4.74,0,7.63,8,6,9,High
4.44,8.17,1,3.87,9,3,10,High
9.8,7.03,1,4.48,9,1,7,High
6.3,6.84,0,4.12,8,5,7,High
5.01,6.03,1,3.2,3,5,7,Average
6.04,6.21,1,6.92,7,5,3,Average
8.87,7.66,1,2.94,10,2,10,High
6.68,7.02,1,6.11,10,3,8,High
5.54,6.09,1,3.25,9,2,9,High
3.39,8.28,1,5.63,6,7,2,Average
6.5,6.95,0,7.6,7,6,10,High
6.57,8.67,1,4.05,6,5,7,High
4.92,6.11,0,5.52,7,3,8,High
5.33,6.25,1,4.41,6,3,9,High
6.58,7.7,0,6.41,8,1,4,High
5.73,6.84,0,3.15,6,6,8,High
5.77,7.26,0,5.52,4,4,8,High
6.56,4.91,0,2.78,7,5,7,High
5.79,5.94,0,8.0,8,6,6,Average
6.29,6.69,0,2.96,5,3,3,High
7.64,7.03,0,4.96,6,8,5,Average
2.4,7.32,0,5.99,3,5,4,Negative
4.34,7.59,1,3.5,9,4,9,High
5.91,7.47,1,1.05,8,1,10,High
7.02,6.42,0,6.54,7,4,4,High
7.48,5.43,0,2.4,6,5,9,High
0.65,5.7,1,7.87,6,4,5,Average
4.16,6.34,0,4.55,6,5,5,Average
5.72,6.93,0,8.31,5,4,9,High
7.79,7.02,0,5.3,7,5,7,High
4.39,7.07,0,4.14,4,4,6,Average
3.23,7.34,0,5.03,5,6,6,Average
8.93,7.0,1,3.52,8,1,7,High
2.45,9.94,0,7.74,6,7,7,Average
5.22,6.99,0,2.77,6,3,7,High
7.22,6.16,1,7.67,6,4,2,Average
10.0,7.77,1,5.35,8,4,6,High
4.07,8.26,1,6.34,3,2,7,High
0.16,6.45,0,3.96,5,5,7,Average
9.29,7.09,1,3.35,10,2,10,High
5.52,6.93,0,2.08,9,1,9,High
9.06,6.47,1,4.52,6,7,3,High
3.9,5.65,1,1.86,6,4,7,High
1.93,7.05,0,8.44,5,6,8,Average
5.73,6.78,1,7.32,6,3,5,High
8.26,6.94,1,3.73,8,1,9,High
6.65,7.11,0,3.86,8,4,8,High
5.55,4.96,0,7.78,6,8,4,Negative
4.02,6.49,1,5.24,7,5,8,High
8.06,7.05,1,4.95,9,3,6,High
3.51,7.68,0,6.5,4,5,4,Average
6.92,7.43,1,3.04,8,2,9,High
6.71,6.91,0,3.18,9,2,7,High
5.25,8.3,1,10.1,3,7,5,Negative
2.2,5.79,0,5.73,3,7,2,Negative
5.09,6.72,0,3.88,4,4,7,High
3.57,3.99,0,7.59,4,3,10,Average
4.54,9.08,1,11.99,8,3,4,Average
4.51,5.16,0,5.58,9,5,8,High
4.85,7.6,0,5.3,5,3,5,High
3.09,5.77,1,4.35,8,5,9,High
6.31,7.53,0,5.03,4,6,8,High
2.21,9.53,1,5.9,5,1,6,High
4.23,5.3,1,10.02,5,2,6,Average
5.27,7.73,1,4.59,6,2,8,High
6.05,4.58,1,4.97,6,7,4,Average
4.79,5.94,0,6.54,8,8,6,Average
4.79,4.63,1,4.72,4,5,7,Average
6.45,4.74,0,3.82,7,2,8,High
6.6,5.87,0,4.96,6,5,10,High
7.79,5.59,1,8.2,6,5,7,High
5.62,6.94,0,7.22,3,4,8,Average
6.28,7.68,1,1.92,5,4,7,High
3.77,8.21,1,3.38,9,4,9,High
5.81,7.43,1,4.24,10,3,9,High
7.01,6.52,1,3.29,8,3,9,High
5.51,6.38,0,7.18,7,4,2,Average
2.09,7.34,0,8.78,4,6,7,Negative
5.74,8.17,1,7.76,3,4,6,Average
6.8,8.6,1,6.77,8,4,8,High
6.96,6.13,1,5.49,5,6,4,Average
6.98,5.26,0,7.8,7,3,7,High
5.29,8.09,0,3.84,9,4,8,High
5.02,6.58,1,2.73,6,5,7,High
5.52,8.18,0,3.08,3,5,8,High
5.48,7.69,0,2.44,7,4,7,High
5.57,8.87,1,6.06,3,3,6,Average
3.88,7.47,1,6.87,7,3,6,High
7.1,6.58,0,4.69,10,4,9,High
5.72,4.9,1,7.25,7,5,6,High
7.09,7.06,1,4.89,4,6,2,Average
7.91,7.4,1,8.14,4,5,8,High
5.75,3.5,1,4.87,6,7,5,Average
1.99,3.7,0,6.74,4,7,3,Negative
6.0,5.07,1,7.51,2,7,8,Average
4.72,5.01,0,5.07,4,5,5,Average
3.22,6.69,1,5.74,3,2,6,Average
4.05,6.51,0,8.11,6,7,4,Negative
6.8,6.7,1,3.11,6,1,8,High
3.36,6.77,1,8.49,9,6,5,Average
5.52,9.13,1,2.05,5,3,7,High
4.76,6.81,0,5.41,7,9,6,Average
3.78,5.33,1,4.94,4,2,3,Average
6.76,6.85,1,3.28,9,4,9,High
6.55,6.96,0,8.35,7,5,7,High
2.43,6.1,0,5.18,2,6,8,Average
7.12,7.49,1,3.81,9,2,9,High
5.62,6.61,1,5.17,5,4,3,Average
6.44,7.3,0,3.2,8,6,7,High
5.02,8.3,0,5.22,7,3,7,High
4.82,7.03,0,7.07,2,6,2,Negative
5.37,6.02,0,6.16,5,5,6,Average
6.44,7.19,0,2.55,3,6,8,High
4.57,6.84,1,5.85,7,4,8,High
1.6,9.8,0,7.25,6,6,5,Negative
1.58,5.83,0,8.36,4,9,5,Negative
7.64,7.81,1,2.85,10,4,9,High
3.71,5.63,0,9.28,5,5,6,Average
6.76,8.52,1,3.42,9,3,9,High
6.92,7.53,0,6.27,7,7,5,Average
6.66,6.7,1,7.34,4,7,9,High
1.06,4.85,0,6.09,3,6,6,Negative
8.34,8.29,1,0.97,10,2,10,High
3.87,8.05,1,5.65,5,5,5,Average
8.14,8.04,1,6.15,7,3,8,High
1.78,5.34,1,6.51,3,6,5,Negative
2.43,5.4,0,10.66,5,6,4,Negative
6.42,8.04,0,5.72,3,7,4,Average
7.06,7.38,0,0.5,9,2,7,High
5.19,7.41,0,7.96,7,2,4,High
2.49,5.05,0,6.29,4,7,6,Negative
3.29,7.33,0,5.11,6,5,6,Average
2.6,6.01,0,6.29,5,7,3,Negative
2.22,7.14,0,8.83,5,6,4,Negative
7.11,7.49,0,2.86,7,3,6,High
5.86,4.93,1,6.56,6,6,5,Average
6.45,6.8,1,4.03,6,3,4,High
5.62,7.19,1,4.03,8,2,9,High
8.4,8.47,1,2.41,9,1,10,High
5.67,3.99,0,8.55,3,7,5,Negative
6.1,6.91,0,6.72,4,4,9,High
4.25,6.39,1,2.76,2,4,7,Average
6.59,5.34,1,5.11,4,5,6,Average
7.27,4.35,0,4.04,3,7,5,Average
8.02,6.91,0,3.92,5,4,4,High
6.22,8.74,0,3.49,6,2,6,High
6.76,8.29,1,1.83,7,1,6,High
7.99,4.84,0,6.77,3,7,4,Average
3.79,7.56,1,2.81,6,5,6,High
6.45,8.49,1,4.54,9,3,7,High
9.95,6.39,1,4.46,10,2,10,High
6.74,7.55,0,5.18,5,5,4,Average
6.93,7.6,1,2.28,9,2,7,High
1.95,4.98,1,6.3,6,7,7,Average
5.57,6.7,0,7.71,7,5,7,High
1.88,7.29,0,4.49,3,6,3,Negative
7.12,4.18,1,4.27,4,6,8,High
7.05,9.81,1,2.8,6,4,6,High
5.82,8.68,1,4.88,9,6,6,High
6.13,8.15,1,7.21,4,7,8,Average
1.49,5.76,0,6.69,3,10,6,Negative
7.47,7.96,0,3.56,7,3,8,High
5.55,6.07,1,2.75,6,7,6,High
5.63,7.74,1,0.5,7,1,9,High
5.98,6.44,0,5.09,8,4,8,High
4.07,5.14,0,6.96,4,6,5,Negative
6.15,8.89,1,4.96,5,2,6,High
5.38,6.87,1,8.12,5,5,4,Average
4.94,8.45,1,4.4,5,8,7,Average
4.17,5.45,0,4.92,2,5,4,Negative
6.43,7.48,1,1.08,7,4,10,High
4.39,5.94,1,11.33,8,7,8,Average
5.47,8.29,1,3.24,9,1,9,High
3.1,8.91,0,6.57,3,7,5,Negative
5.01,8.47,1,7.36,7,3,7,High
2.47,5.49,0,8.23,2,7,3,Negative
5.11,5.97,1,6.06,7,5,8,High
7.89,6.02,0,5.78,10,6,5,High
2.26,3.31,1,5.48,6,8,1,Negative
4.79,9.27,1,6.08,4,3,2,Average
4.73,7.14,1,3.65,9,3,6,High
7.7,6.99,1,5.99,5,4,6,High
2.03,6.78,0,3.28,5,6,6,Average
0.61,6.6,0,6.7,6,7,5,Negative
5.9,5.17,0,4.53,8,3,9,High
6.48,7.28,1,7.07,6,4,8,High
5.95,5.77,0,9.12,9,6,9,High
1.28,7.3,0,7.81,4,7,5,Negative
6.55,7.16,1,6.58,5,3,5,High
4.04,6.08,0,4.12,6,6,9,High
6.36,7.3,0,3.48,9,3,8,High
7.29,7.75,0,5.36,6,4,9,High
5.38,6.13,0,4.99,5,7,6,Average
1.86,7.24,0,6.81,3,7,4,Negative
5.62,6.4,1,3.78,8,1,10,High
3.32,5.54,0,10.94,6,5,2,Negative
2.43,5.89,0,5.52,7,4,9,High
6.89,6.87,0,7.67,8,6,9,High
1.84,5.31,0,9.6,2,5,4,Negative
6.89,7.39,0,4.34,9,4,9,High
3.11,6.83,0,4.99,5,4,7,Average
7.84,7.37,1,2.43,9,2,9,High
6.52,8.01,1,4.01,8,2,8,High
2.45,6.37,1,5.39,3,8,3,Negative
4.71,6.04,0,6.11,3,8,6,Negative
5.59,8.7,1,3.95,4,4,10,High
4.93,5.34,0,6.85,5,7,6,Average
2.86,7.7,0,4.62,5,7,3,Negative
4.95,3.22,0,8.21,7,9,6,Negative
2.75,6.88,1,8.12,3,4,5,Average
6.48,5.5,1,3.9,7,3,7,High
7.04,6.23,0,10.5,6,5,4,Average
4.26,7.32,1,2.68,8,2,9,High
10.0,7.05,1,4.7,10,1,9,High
0.96,5.7,1,3.47,3,6,7,Average
4.05,5.18,1,10.13,2,6,6,Negative
8.43,7.44,1,3.27,7,5,7,High
4.14,7.34,0,3.39,7,6,6,High
3.6,6.12,1,7.0,6,4,8,High
2.69,6.13,1,8.82,5,7,6,Negative
5.93,7.55,1,4.45,8,2,10,High
3.77,6.14,0,10.49,5,7,7,Negative
5.27,5.85,1,4.92,7,1,9,High
8.05,5.69,0,9.86,5,5,2,Average
5.96,8.85,1,0.78,9,2,8,High
5.97,7.49,1,5.21,4,4,7,High
2.4,5.42,0,7.54,8,7,7,Average
7.43,5.72,0,1.04,7,2,10,High
3.78,9.43,0,3.23,7,4,8,High
4.73,6.57,0,6.45,3,5,5,Average
4.78,3.52,1,9.93,3,7,3,Negative
6.9,3.02,0,6.28,4,6,4,Average
6.71,5.71,1,9.85,1,5,2,Negative
3.37,8.16,1,8.04,5,6,6,Average
6.37,7.96,1,5.11,5,3,6,High
6.01,8.42,1,4.72,8,1,8,High
3.74,4.17,1,7.68,5,5,5,Average
6.54,7.08,1,3.35,9,1,8,High
4.09,7.71,1,3.23,7,7,7,High
6.06,7.17,1,4.64,6,2,8,High
3.46,6.8,0,3.21,4,2,7,High
5.57,7.03,0,5.08,7,7,8,High
0.12,3.76,1,9.54,3,9,5,Negative
3.41,4.48,0,3.59,9,3,8,High
2.11,5.41,1,7.47,3,7,7,Negative
7.08,4.89,0,6.86,6,5,2,Average
8.28,6.06,1,2.99,8,3,8,High
4.27,7.17,1,7.94,3,6,6,Average
5.48,7.37,1,3.82,8,6,8,High
5.97,5.83,1,8.84,5,7,8,Average
7.51,8.27,1,2.08,8,2,6,High
4.97,5.87,1,3.08,6,5,8,High
6.86,6.45,1,1.4,8,1,8,High
4.15,6.88,1,3.51,8,5,10,High
5.57,7.62,0,8.06,5,3,7,High
7.51,7.38,0,3.81,10,1,8,High
5.01,7.02,0,7.4,7,5,6,Average
6.79,7.31,0,4.22,6,1,9,High
6.82,7.57,1,3.29,7,1,9,High
9.22,6.07,0,5.86,7,6,6,High
5.2,7.43,1,4.64,3,4,6,High
4.78,7.81,1,2.35,8,2,8,High
3.44,7.5,0,10.62,4,6,6,Negative
4.45,8.62,1,2.77,9,2,8,High
7.91,7.0,1,4.28,9,2,8,High
5.33,8.15,1,4.3,8,5,9,High
6.43,6.92,1,5.71,7,3,6,High
4.1,7.23,1,4.04,5,3,8,High
7.16,8.17,1,8.88,5,5,10,High
1.91,6.42,0,5.48,6,5,5,Average
5.63,9.29,1,5.17,6,8,7,Average
3.31,7.13,0,4.84,6,6,5,Average
7.2,5.51,1,3.82,7,7,8,High
4.66,6.04,1,3.34,7,5,3,Average
3.93,6.45,0,2.97,7,4,4,Average
8.52,7.76,0,7.27,6,5,8,High
5.55,5.51,0,6.85,3,4,5,Average
5.06,8.9,1,5.05,8,1,8,High
3.7,5.75,0,1.8,6,10,4,Negative
4.79,7.21,1,4.54,6,5,8,High
3.05,5.63,1,6.3,6,7,7,Average
4.11,6.55,0,4.48,6,8,8,Average
5.55,7.46,1,2.77,8,2,10,High
4.7,7.29,1,4.52,7,6,8,High
5.63,5.21,0,5.02,5,2,9,High
5.57,7.53,1,4.63,7,3,8,High
4.08,6.61,0,7.14,6,4,7,Average
6.45,6.74,0,2.23,8,1,10,High
5.07,5.45,0,5.8,7,1,10,High
2.76,8.26,0,7.85,1,7,1,Negative
1.24,7.89,1,2.97,6,4,5,Average
4.16,6.92,0,4.08,8,4,9,High
5.41,7.04,0,8.08,5,6,7,Average
3.77,8.81,0,5.37,5,6,6,Average
6.24,6.53,1,6.42,7,4,8,High
6.22,4.42,0,10.08,4,7,5,Negative
5.11,4.85,0,4.87,7,4,8,High
7.94,6.3,0,8.8,7,5,7,High
6.94,6.92,1,2.8,9,1,8,High
1.56,5.94,0,6.11,4,6,3,Negative
5.91,7.38,0,6.1,7,5,2,Average
9.29,4.21,1,3.25,7,4,7,High
6.83,7.59,1,2.15,8,1,8,High
4.39,6.59,0,3.12,6,1,7,High
2.2,6.73,1,5.13,4,5,2,Negative
2.49,4.91,0,8.46,5,8,5,Negative
6.17,7.76,1,4.98,7,1,7,High
3.97,6.55,0,2.27,7,4,9,High
7.18,6.02,0,4.54,3,7,4,Average
7.22,8.75,1,7.63,6,8,9,High
3.59,6.89,1,4.68,5,4,9,High
4.63,5.22,1,9.82,5,5,5,Average
6.47,6.83,1,4.51,10,5,9,High
6.86,6.97,0,7.0,5,4,7,High
2.12,5.46,0,8.73,3,7,5,Negative
10.0,6.25,0,2.4,10,4,10,High
4.92,7.57,1,4.53,5,4,8,High
6.65,6.15,1,5.83,6,7,5,Average
2.62,8.21,1,5.91,6,2,7,High
1.86,4.72,1,4.54,6,10,2,Negative
7.37,8.53,1,2.52,8,3,9,High
5.05,7.76,0,5.6,4,3,8,High
2.6,6.33,0,9.41,7,6,4,Negative
6.07,8.03,1,6.39,6,6,2,Average
5.78,7.28,0,6.52,5,10,9,Average
8.03,8.02,1,9.01,5,3,1,Average
6.72,8.33,1,4.98,6,3,7,High
6.51,6.16,1,5.58,6,2,8,High
4.81,6.71,1,3.39,7,1,8,High
9.45,8.0,1,1.59,7,2,10,High
3.32,7.05,0,7.31,5,5,3,Average
4.93,9.07,1,3.01,7,5,7,High
7.72,7.54,1,2.64,9,4,9,High
2.1,8.55,1,6.02,2,4,3,Negative
4.43,7.57,0,6.87,9,2,6,High
5.88,7.81,0,2.32,7,3,9,High
5.73,5.41,0,5.83,6,4,7,High
3.17,7.9,1,6.55,6,3,6,High
4.53,7.5,1,3.57,4,5,7,High
2.01,6.41,1,9.58,8,8,7,Average
6.31,6.23,0,7.28,5,5,5,Average
7.81,6.7,0,7.62,5,6,6,Average
6.32,6.34,0,5.14,8,2,9,High
4.92,5.48,1,4.52,6,5,6,High
2.26,8.23,0,7.76,3,5,4,Negative
5.27,6.17,0,6.6,6,6,7,Average
8.8,9.46,0,6.88,7,7,9,High
3.2,6.9,1,5.33,7,5,7,High
6.86,5.56,1,7.4,5,2,3,High
9.19,6.9,0,6.15,6,4,9,High
9.84,7.38,1,5.05,7,5,8,High
2.89,7.47,1,7.26,7,6,7,Average
4.73,7.65,0,6.52,9,3,7,High
2.69,6.82,0,4.23,7,4,8,High
7.4,5.16,1,8.66,7,7,6,Average
4.38,7.14,0,8.1,7,5,9,High
8.08,6.25,1,6.97,7,4,4,High
9.26,7.8,1,2.67,10,2,8,High
5.74,7.35,1,2.84,7,2,10,High
7.07,5.14,1,7.18,7,2,8,High
5.35,8.58,0,5.65,6,2,6,High
7.03,6.01,0,9.0,8,4,7,High
8.91,7.42,1,5.62,3,2,8,High
6.63,3.25,0,6.48,5,2,3,Average
7.08,8.35,1,3.94,7,2,8,High
8.47,7.81,0,2.48,9,3,6,High
4.81,7.13,1,3.77,7,1,7,High
6.88,7.77,0,9.7,6,4,7,High
6.75,5.47,0,7.52,6,6,9,High
0.0,6.32,1,4.93,3,8,3,Negative
6.22,8.17,1,2.11,9,2,8,High
3.24,5.32,1,6.71,8,6,6,Average
5.79,8.25,1,3.33,9,2,9,High
7.53,8.07,0,2.2,8,2,8,High
5.95,5.59,1,7.36,6,4,6,High
2.04,4.87,0,8.26,7,5,5,Average
3.97,6.02,0,10.41,7,5,4,Average
4.05,7.4,1,5.67,7,5,8,High
5.84,7.82,0,3.89,6,4,4,High
4.98,7.17,1,4.46,8,4,7,High
9.15,8.39,0,6.44,5,5,8,High
6.31,6.56,0,5.22,4,9,8,Average
6.46,8.6,1,7.18,1,4,9,High
7.88,5.22,0,4.45,8,3,10,High
7.72,4.72,0,5.94,7,6,5,Average
3.28,9.46,0,8.85,4,8,5,Negative
5.08,8.12,0,4.29,3,3,5,Average
4.08,6.54,0,5.4,5,6,6,Average
1.36,5.77,0,6.09,5,5,7,Average
6.04,5.64,1,7.91,4,8,6,Average
8.0,6.76,0,5.34,7,4,7,High
2.4,5.26,0,3.53,3,5,2,Negative
7.42,7.65,1,3.8,7,4,9,High
8.32,5.52,0,4.79,7,5,8,High
7.26,6.1,1,5.03,4,6,1,Average
5.83,7.23,1,5.5,9,1,10,High
3.69,6.28,1,3.93,5,2,6,High
6.32,8.01,1,3.81,8,2,7,High
2.48,8.55,0,5.28,5,3,6,Average
6.79,7.65,0,4.68,6,6,6,High
1.72,7.9,1,7.52,5,5,5,Average
5.14,5.68,1,8.21,7,5,9,High
5.63,7.91,1,3.42,9,2,9,High
3.63,5.14,1,2.65,5,5,7,High
2.44,6.55,0,5.65,5,3,8,Average
3.02,5.91,0,9.62,5,6,4,Negative
3.99,5.07,0,7.15,6,5,5,Average
7.45,4.71,0,6.65,6,6,5,Average
6.53,5.69,1,5.93,4,7,5,Average
8.85,5.69,0,4.94,2,5,7,High
6.92,7.48,1,2.86,6,4,7,High
3.93,7.79,1,4.69,7,3,9,High
8.66,8.61,1,1.79,6,3,8,High
7.63,7.51,1,2.91,8,1,7,High
5.77,7.42,0,6.37,5,8,8,Average
7.28,5.79,1,3.99,5,3,4,High
3.63,5.31,0,8.19,8,4,7,Average
8.24,5.49,1,3.24,9,4,8,High
5.66,5.02,0,7.31,5,9,5,Negative
6.14,6.05,1,6.7,5,9,8,Average
5.95,6.73,1,6.63,5,6,5,Average
6.51,6.92,1,3.4,8,4,9,High
5.39,8.06,0,2.25,5,1,8,High
3.62,4.58,0,9.4,1,9,4,Negative
1.94,3.7,0,6.84,2,10,6,Negative
5.65,6.57,1,4.73,5,4,7,High
2.87,7.26,0,6.15,6,2,8,High
9.94,7.28,1,2.88,8,2,8,High
7.75,7.64,1,3.24,10,4,10,High
2.65,5.23,0,8.96,4,9,6,Negative
7.69,6.73,0,6.09,5,9,7,Average
5.71,8.51,0,7.2,7,4,5,High
4.52,8.85,0,4.02,5,6,8,Average
4.66,7.3,1,4.14,7,2,6,High
7.57,7.24,1,2.1,8,1,9,High
7.13,6.43,1,2.37,10,2,10,High
3.65,7.18,0,6.89,6,6,8,Average
5.14,8.85,0,4.87,6,4,8,High
7.58,6.96,1,5.95,6,4,7,High
5.48,6.18,1,10.47,4,5,7,Average
4.34,5.22,1,1.39,8,6,8,High
1.07,8.77,1,3.42,1,6,3,Negative
4.92,5.81,1,3.4,7,4,7,High
2.65,6.0,0,6.62,9,6,7,Average
4.59,6.63,1,5.53,9,5,4,High
3.0,7.69,1,5.18,5,5,6,Average
5.26,6.51,0,5.91,7,2,9,High
8.46,7.46,1,3.01,9,1,6,High
5.43,3.98,0,8.01,4,8,2,Negative
7.7,6.03,1,2.43,8,1,9,High
3.25,5.53,0,6.93,4,5,4,Negative
5.0,6.66,1,4.05,8,3,7,High
3.05,5.99,0,5.43,4,6,7,Average
4.62,6.58,0,7.93,4,7,7,Average
6.15,8.98,0,4.13,6,4,7,High
6.07,6.79,1,2.89,8,3,8,High
4.1,5.74,0,7.63,4,7,2,Negative
4.46,5.91,0,6.89,5,3,5,Average
0.61,5.6,0,9.92,4,4,3,Negative
4.75,6.27,1,7.09,5,5,6,Average
3.65,5.21,0,5.56,3,6,6,Negative
5.6,6.71,0,6.13,4,6,5,Average
4.4,6.89,0,9.48,7,4,6,Average
6.48,5.04,0,8.47,7,7,4,Average
4.54,5.67,1,2.74,7,6,5,High
3.11,6.41,1,7.31,5,5,7,Average
4.82,7.5,1,4.81,10,2,7,High
2.5,5.65,1,5.66,7,6,5,Average
7.65,5.39,0,8.3,3,3,6,Average
8.21,5.23,1,5.74,5,5,8,High
2.41,5.66,1,6.62,4,6,7,Average
4.52,6.76,1,4.3,6,4,6,High
5.78,9.06,1,3.01,7,1,7,High
2.59,6.7,0,5.01,6,5,6,Average
3.69,6.94,1,3.89,4,5,7,Average
1.49,4.88,1,8.28,4,6,3,Negative
1.95,5.12,0,5.69,7,5,6,Average
2.82,5.77,0,8.52,2,5,6,Negative
5.79,8.89,0,3.2,7,5,4,High
3.27,7.01,1,6.01,6,5,6,Average
6.64,3.98,1,7.32,4,5,6,Average
6.99,6.57,1,3.27,10,3,8,High
2.79,7.04,1,9.39,4,9,3,Negative
7.85,7.6,1,5.41,10,4,9,High
3.72,8.66,1,5.01,4,7,5,Average
2.76,8.16,1,4.95,5,5,5,Average
3.23,7.66,0,6.32,5,6,7,Average
6.71,6.74,0,7.18,5,5,5,Average
3.1,5.76,0,4.49,6,3,8,High
4.57,7.3,0,4.36,8,3,7,High
3.48,7.2,1,7.89,5,9,5,Negative
7.97,4.37,0,7.82,3,4,3,Average
6.99,6.61,0,7.6,6,8,6,Average
5.75,7.09,0,5.3,6,6,6,Average
2.7,6.94,1,6.19,3,6,4,Negative
4.39,6.52,1,8.94,3,3,5,Average
3.03,5.62,0,5.77,5,4,4,Average
6.17,7.64,0,7.24,5,7,5,Average
5.67,6.62,1,3.45,9,5,9,High
4.04,4.49,0,6.27,3,8,6,Negative
3.69,5.42,1,7.79,4,7,3,Negative
2.3,3.99,0,11.18,4,9,6,Negative
6.26,5.81,1,4.62,9,4,6,High
1.49,7.1,1,6.37,5,8,5,Negative
6.12,9.08,1,5.36,9,5,7,High
5.84,8.52,1,5.34,7,8,6,Average
2.74,4.92,1,5.51,3,8,5,Negative
3.89,5.54,0,6.04,5,6,6,Average
3.22,6.09,0,7.87,3,5,6,Negative
1.13,7.38,0,9.87,7,5,4,Negative
5.24,5.71,0,4.34,5,6,4,Average
2.94,4.77,0,6.02,5,4,5,Average
5.0,6.72,1,5.96,5,4,3,Average
7.89,7.84,1,5.47,6,3,8,High
7.25,5.6,0,6.69,6,6,2,Average
7.65,7.07,1,3.73,6,5,8,High
4.16,7.66,1,2.18,5,1,8,High
2.46,6.55,0,6.54,5,6,2,Negative
2.77,6.98,0,9.5,5,7,4,Negative
5.93,8.2,1,4.97,7,6,9,High
5.9,8.08,1,3.43,8,2,8,High
4.61,6.15,0,5.62,7,2,7,High
5.59,7.32,1,5.4,6,5,10,High
4.78,5.95,1,4.63,6,5,3,Average
3.6,6.93,0,5.11,4,9,5,Negative
7.93,5.98,1,3.76,3,7,6,Average
6.53,9.34,1,3.59,10,4,10,High
7.67,6.9,0,3.23,6,6,8,High
3.49,7.56,0,5.88,5,6,5,Average
6.1,8.4,1,4.7,10,3,8,High
6.34,6.4,0,3.01,8,5,6,High
5.73,6.88,1,2.0,8,4,8,High
6.02,6.09,0,6.97,4,4,2,Average
6.6,7.1,1,5.88,8,6,6,High
5.84,6.66,0,6.11,4,4,6,Average
6.03,5.46,1,1.96,8,7,7,High
5.37,9.12,1,4.84,8,2,8,High
7.1,6.36,0,5.54,6,5,6,High
3.62,6.92,0,6.81,3,8,5,Negative
5.06,6.66,0,5.97,5,2,10,High
6.71,6.34,1,3.15,10,1,8,High
4.53,6.9,1,5.49,8,5,3,Average
8.59,7.53,1,2.62,10,2,10,High
2.59,5.25,0,8.28,5,8,4,Negative
4.54,6.81,0,4.45,6,6,3,Average
3.29,8.25,0,4.99,3,6,5,Negative
2.6,6.82,0,8.49,6,4,6,Average
6.39,6.48,1,4.67,8,2,9,High
4.5,8.88,1,3.27,8,3,9,High
4.38,6.63,0,2.6,4,7,3,Average
6.14,6.45,1,2.2,8,1,9,High
4.04,5.92,1,6.31,5,4,8,High
7.58,8.03,0,4.39,8,3,8,High
8.33,7.91,0,6.08,6,7,8,High
4.07,7.24,1,2.8,5,4,7,High
1.76,5.3,0,7.83,3,6,4,Negative
5.04,7.0,1,6.95,4,8,8,Average
5.53,7.25,0,5.33,8,4,8,High
1.11,5.62,0,9.72,4,10,6,Negative
5.0,6.72,0,0.72,6,2,7,High
5.85,7.01,1,3.76,6,3,7,High
6.37,7.16,1,3.22,8,5,8,High
2.03,9.82,0,8.33,4,9,5,Negative
1.98,6.99,0,7.5,3,9,5,Negative
6.01,7.01,1,6.67,6,5,6,High
1.17,6.07,0,4.15,7,1,8,High
7.85,5.9,0,4.37,2,5,5,Average
5.75,6.6,1,5.03,5,3,7,High
4.66,6.66,0,6.11,7,8,5,Average
3.3,6.81,0,3.15,7,7,6,Average
6.85,6.08,1,5.24,7,5,8,High
4.95,8.19,1,3.53,7,4,8,High
6.01,5.93,1,3.64,8,4,8,High
3.2,6.19,1,7.26,5,7,5,Average
3.66,5.95,0,10.48,4,10,3,Negative
6.42,8.77,1,3.69,8,2,9,High
1.64,3.0,0,6.59,6,6,4,Negative
2.21,3.92,0,8.7,4,7,3,Negative
7.15,7.89,1,2.82,8,1,9,High
4.01,5.84,1,4.21,7,6,8,High
6.33,6.85,1,5.99,7,5,10,High
8.51,7.61,1,5.72,4,6,5,High
4.49,6.52,0,2.44,8,4,8,High
5.72,6.85,0,4.62,7,3,7,High
5.5,7.51,1,4.62,7,2,8,High
2.72,5.64,0,3.89,4,8,4,Negative
6.21,6.67,1,4.67,9,1,3,High
7.24,6.13,1,5.4,5,7,5,Average
2.84,5.55,0,2.48,7,4,6,High
5.41,6.66,1,2.66,8,5,9,High
5.0,7.93,0,6.23,8,4,9,High
5.07,5.78,0,8.35,4,1,8,High
2.89,3.81,1,5.3,4,6,5,Negative
7.73,7.72,0,4.16,8,3,7,High
5.99,8.95,0,4.9,5,6,6,Average
8.81,5.98,0,6.3,8,2,8,High
2.95,6.1,0,7.91,6,2,6,Average
10.0,8.33,0,3.38,9,2,8,High
1.8,5.21,0,6.78,5,7,6,Negative
4.78,5.95,1,8.98,8,1,7,High
6.07,7.06,1,3.98,7,6,6,High
6.43,6.5,0,2.71,8,7,6,High
0.88,4.8,0,7.9,5,6,2,Negative
1.97,5.82,0,6.67,2,8,6,Negative
3.66,6.38,1,6.39,5,2,8,High
5.05,7.5,0,5.88,6,5,1,Average
3.64,7.26,1,6.19,4,6,4,Average
5.55,5.81,0,3.36,6,7,2,Average
7.14,6.76,1,3.69,8,2,9,High
6.46,4.61,1,0.55,4,3,5,High
2.35,5.96,0,4.23,3,5,5,Negative
5.84,5.41,1,4.46,3,4,8,High
6.07,7.67,0,4.7,7,4,9,High
5.51,6.35,0,9.47,3,6,4,Negative
1.99,7.1,1,3.76,8,5,7,High
4.36,7.69,0,10.66,6,6,7,Average
2.67,7.64,0,8.02,8,5,8,Average
2.73,7.78,1,3.54,7,2,7,High
6.82,8.82,0,4.7,5,3,4,High
6.62,7.53,0,1.47,7,6,8,High
4.55,9.0,0,9.2,4,6,6,Average
3.31,8.32,0,6.48,6,4,5,Average
6.34,5.89,0,9.56,4,6,9,Average
5.15,7.04,1,0.9,8,5,8,High
4.92,7.23,0,3.37,6,3,7,High
5.66,8.32,1,4.24,5,4,7,High
2.73,8.01,1,5.42,7,3,7,High
4.01,7.09,0,2.97,4,5,2,Average
8.07,6.75,1,6.76,4,6,5,Average
8.11,10.0,1,4.22,8,2,7,High
1.83,6.24,0,5.84,5,7,3,Negative
2.51,7.48,0,3.78,10,1,7,High
4.65,6.34,0,7.75,7,4,8,High
8.83,4.28,0,5.71,5,6,6,Average
3.51,7.31,1,4.9,6,1,8,High
8.45,7.6,0,1.76,8,2,10,High
4.92,5.95,1,7.29,7,5,8,High
2.67,5.16,0,3.16,5,8,4,Negative
4.85,7.12,1,5.64,5,2,6,High
8.45,7.25,1,6.1,9,3,6,High
2.95,6.82,1,7.18,5,5,3,Average
4.28,7.23,1,2.1,7,3,6,High
4.59,4.07,0,6.62,6,5,6,Average
4.39,6.1,1,4.56,7,6,9,High
7.67,6.14,1,2.08,7,5,8,High
2.42,7.82,0,5.75,7,6,8,Average
5.72,7.24,0,7.18,7,4,6,High
8.5,4.33,0,6.74,9,6,10,High
3.86,5.6,1,3.61,7,4,5,High
6.26,8.58,1,6.67,8,5,7,High
2.99,5.03,0,9.5,4,6,5,Negative
5.5,7.67,1,4.55,6,2,1,High
5.72,7.36,0,8.2,5,6,8,Average
4.51,5.15,0,8.35,4,4,4,Average
3.89,7.14,0,4.65,9,3,8,High
5.34,8.11,1,6.06,6,1,5,High
2.36,6.26,0,4.68,8,1,9,High
4.5,7.42,0,9.45,1,5,5,Negative
2.67,7.16,0,6.98,8,6,6,Average
10.0,6.6,0,7.04,4,3,9,High
3.73,4.78,0,6.8,2,6,7,Negative
6.07,5.43,1,7.4,4,7,8,Average
3.37,6.26,1,6.2,5,7,3,Negative
7.21,4.64,1,5.23,4,7,5,Average
1.71,5.57,0,8.57,3,7,6,Negative
3.7,7.27,1,5.88,10,1,7,High
6.91,8.21,1,3.13,7,3,9,High
2.61,6.73,1,8.7,5,9,5,Negative
0.74,6.58,0,10.26,4,6,4,Negative
6.52,7.87,1,3.44,8,4,9,High
8.63,4.21,0,7.55,6,7,8,High
3.55,5.87,1,4.18,8,5,6,High
7.08,7.9,1,5.67,5,7,7,High
5.6,7.86,0,7.88,4,4,3,Average
7.96,6.87,1,3.33,8,2,9,High
8.93,6.35,1,3.5,7,3,8,High
6.24,8.59,0,8.52,5,5,8,Average
4.36,6.28,1,0.83,5,2,3,High
2.31,7.06,0,6.6,7,3,5,Average
6.46,6.85,1,6.61,5,4,9,High
8.28,6.11,1,5.65,4,4,7,High
8.02,7.31,1,4.34,8,2,8,High
6.93,6.43,0,5.95,5,4,6,High
5.83,7.91,1,4.54,8,3,9,High
4.38,9.34,1,2.43,8,1,8,High
4.9,5.98,1,3.3,5,6,5,Average
7.72,6.82,1,3.13,8,4,10,High
4.88,5.5,0,7.12,2,5,4,Negative
6.51,6.69,1,3.64,10,2,8,High
2.18,6.98,0,4.61,6,6,7,Average
2.95,7.79,0,7.31,4,5,5,Average
5.18,6.81,1,2.87,8,2,10,High
2.1,7.15,1,6.76,2,6,7,Average
5.97,7.29,0,5.84,4,5,7,Average
5.12,5.81,0,4.19,5,6,6,Average
7.73,5.76,0,3.11,7,5,9,High
5.43,9.33,0,8.55,8,4,9,High
3.45,5.93,0,8.96,3,6,6,Negative
4.21,5.69,1,4.19,6,4,5,High
3.79,8.89,0,5.21,6,5,5,Average
3.99,6.46,1,6.35,6,7,6,Average
3.57,6.64,0,6.33,8,5,4,Average
6.2,6.93,1,1.81,9,2,10,High
7.39,8.04,0,4.52,4,6,5,Average
5.16,5.57,1,2.84,8,5,8,High
4.21,7.34,0,6.1,2,7,5,Negative
7.38,7.3,0,8.86,5,8,6,Average
7.24,8.71,1,7.1,6,4,3,High
3.42,6.32,1,5.53,7,6,5,Average
4.55,9.17,0,6.5,1,7,3,Negative
4.83,7.34,1,2.93,9,5,10,High
5.38,6.68,1,2.08,7,5,9,High
4.23,7.21,1,5.18,8,2,9,High
8.59,6.85,1,6.18,7,3,8,High
4.21,6.02,0,6.31,4,5,5,Average
5.52,5.66,1,5.53,7,5,5,High
4.15,7.86,0,5.85,7,3,6,High
7.19,5.38,0,7.07,2,5,7,Average
5.99,5.63,1,7.89,7,6,5,Average
7.26,5.05,0,8.02,7,6,4,Average
3.4,5.15,0,4.18,5,2,7,High
7.22,6.28,1,2.32,7,2,7,High
4.46,6.89,0,3.2,8,3,8,High
6.98,5.94,1,2.57,8,4,10,High
3.78,6.4,1,4.47,7,6,6,Average
5.86,7.37,1,1.47,6,3,6,High
3.94,5.43,1,4.26,7,6,7,High
5.39,7.03,0,5.2,5,5,5,Average
3.37,6.81,0,4.15,5,5,8,Average
5.89,7.49,1,5.09,7,5,7,High
5.93,7.15,0,5.56,6,2,5,High
1.61,7.23,0,5.14,3,10,3,Negative
6.47,8.69,1,3.34,5,5,8,High
4.65,6.83,0,9.52,2,4,6,Average
5.14,6.52,0,5.77,7,2,9,High
3.68,4.6,0,5.55,1,7,1,Negative
2.36,5.26,0,6.63,7,8,6,Negative
4.81,8.38,1,6.69,1,4,4,Average
7.04,5.56,0,3.04,7,8,4,Average
6.27,8.28,1,4.15,7,4,6,High
4.87,8.41,0,5.33,6,6,7,Average
8.91,6.8,1,3.53,7,3,8,High
5.04,7.54,0,4.65,8,4,10,High
6.32,4.92,1,4.81,6,3,7,High
5.93,7.03,0,1.34,10,3,9,High
2.29,3.61,0,4.52,5,5,6,Average
6.45,3.34,1,2.61,4,8,4,Average
2.1,8.47,1,3.9,8,6,9,High
6.54,7.08,1,6.74,4,8,7,Average
6.06,5.98,1,1.95,10,3,8,High
2.62,6.54,0,6.75,1,6,4,Negative
4.56,6.64,1,2.31,7,1,8,High
7.11,8.24,1,4.7,7,4,6,High
7.66,7.19,1,2.9,7,4,10,High
5.51,7.07,1,2.32,9,3,10,High
2.05,5.37,0,1.1,7,8,5,Average
4.78,5.43,1,7.83,6,7,5,Average
6.53,6.61,0,7.62,7,1,4,High
3.45,6.05,1,2.99,8,5,3,Average
7.71,8.57,1,2.71,9,3,9,High
0.6,5.14,1,10.62,4,6,8,Negative
3.51,7.1,0,11.04,2,7,5,Negative
6.73,5.68,0,6.24,5,6,5,Average
4.58,5.64,0,9.06,4,8,1,Negative
6.39,8.0,1,6.82,5,7,8,High
4.34,5.55,1,2.17,8,4,7,High
6.36,4.03,1,6.87,8,7,5,Average
6.77,5.42,0,10.08,7,7,9,Average
7.21,5.35,0,5.99,6,3,7,High
6.95,7.06,0,5.6,9,7,5,High
2.57,6.88,1,7.95,6,5,6,Average
4.38,7.94,1,12.0,4,6,1,Negative
7.16,7.69,0,4.07,6,3,7,High
3.52,7.23,0,2.23,5,4,7,High
5.35,5.77,0,4.58,8,6,6,High
7.6,8.14,0,3.49,10,1,9,High
1.35,4.86,1,11.35,4,7,7,Negative
4.25,7.83,1,4.15,7,4,8,High
3.14,6.01,0,6.94,5,4,7,Average
4.2,6.73,0,4.2,8,5,9,High
3.71,10.0,1,5.39,7,3,8,High
3.27,7.27,0,9.09,5,5,4,Negative
2.06,3.89,0,8.42,4,9,4,Negative
4.0,3.0,0,8.58,3,6,8,Negative
6.34,7.32,1,4.32,9,2,9,High
9.69,7.82,1,2.72,6,1,9,High
1.66,5.96,0,11.06,4,6,4,Negative
5.45,8.49,0,8.02,6,4,4,Average
5.18,3.37,0,5.99,7,4,5,Average
3.13,6.75,0,5.78,4,8,1,Negative
3.47,7.46,1,5.75,6,4,8,High
4.96,6.17,0,5.85,5,6,7,Average
5.99,7.94,1,3.43,9,5,9,High
6.32,7.21,0,8.04,8,9,5,Average
6.47,5.36,1,2.86,6,3,5,High
5.74,6.4,0,4.36,5,7,9,High
5.2,4.97,1,5.92,8,1,10,High
6.08,7.05,1,3.11,8,4,9,High
4.1,7.4,0,7.76,7,6,5,Average
3.52,7.79,0,4.71,6,8,7,Average
6.46,7.15,1,3.89,4,2,8,High
2.61,8.38,0,4.06,6,6,5,Average
6.54,7.49,1,9.54,5,6,8,High
6.59,7.27,1,2.5,7,1,8,High
6.09,8.24,1,3.11,9,4,9,High
7.3,5.51,1,5.77,6,4,2,Average
4.6,5.87,0,3.64,3,10,6,Negative
7.57,5.25,0,7.4,5,9,6,Average
6.05,5.26,1,5.78,8,4,8,High
6.89,7.3,1,1.22,10,3,9,High
5.8,5.63,0,9.49,5,5,6,Average
7.33,5.23,0,6.13,7,4,5,High
6.03,7.55,1,7.36,5,6,7,High
5.55,7.63,1,4.89,6,1,7,High
8.47,4.3,0,7.86,7,6,7,High
4.48,5.9,0,7.35,8,4,8,High
3.67,5.2,0,6.77,5,3,8,Average
5.12,9.56,1,4.93,4,5,8,High
3.4,7.75,0,7.52,5,6,8,Average
5.56,7.44,0,4.88,4,7,4,Average
4.74,5.91,1,5.19,6,5,4,Average
4.83,5.97,0,5.11,3,7,5,Negative
5.6,6.71,0,6.64,8,5,7,High
3.73,6.2,1,6.1,3,4,5,Average
3.22,8.03,0,3.18,10,5,6,High
3.72,7.62,1,3.44,7,4,9,High
3.62,4.78,0,9.27,6,4,6,Average
1.66,5.2,1,7.55,4,6,3,Negative
10.0,6.59,1,1.91,7,1,9,High
7.07,4.97,0,3.78,4,8,6,Average
2.18,3.55,1,8.55,6,9,5,Negative
3.42,4.45,0,6.14,5,2,8,High
5.99,9.84,1,2.62,6,2,8,High
6.69,7.61,1,2.24,8,4,7,High
3.82,6.82,1,4.01,10,3,8,High
5.0,7.84,1,7.15,7,7,6,Average
5.81,5.83,1,4.99,3,2,5,High
7.61,7.57,1,3.53,9,3,8,High
4.58,7.97,0,3.39,6,6,8,High
2.45,5.24,0,5.11,2,8,5,Negative
4.26,9.02,1,3.14,4,9,9,Average
3.36,8.21,1,1.73,7,2,9,High
7.04,6.8,1,2.71,9,3,7,High
4.04,9.38,1,7.44,7,1,5,High
6.51,7.65,1,2.92,8,2,10,High
9.28,6.98,1,2.64,10,3,10,High
6.06,5.21,0,2.62,5,7,7,Average
8.58,3.67,0,10.47,6,10,7,Average
5.23,8.15,0,5.03,4,4,3,Average
3.25,6.36,1,7.57,8,5,9,High
5.47,6.23,0,4.88,5,4,7,High
1.7,8.99,0,5.5,3,9,1,Negative
1.04,8.03,1,6.23,4,4,6,Average
8.51,6.86,0,4.3,6,2,8,High
5.73,5.42,0,9.32,7,5,8,High
0.74,6.49,0,4.08,3,8,7,Negative
1.68,6.11,1,6.14,5,1,8,High
8.42,6.77,1,7.73,4,2,6,High
6.38,6.84,0,4.74,6,1,6,High
4.32,6.48,0,4.95,4,3,8,High
5.84,6.91,1,4.37,7,4,5,High
6.99,7.18,1,5.73,5,8,8,High
7.65,7.85,1,2.74,9,1,7,High
2.53,6.78,1,7.28,7,2,6,High
1.93,7.49,1,2.65,6,5,8,High
1.82,8.94,0,4.84,7,2,7,High
3.6,5.77,0,9.11,3,6,4,Negative
5.66,7.99,1,4.07,5,3,8,High
1.92,7.41,1,4.96,5,4,5,Average
10.0,8.82,1,4.55,10,2,10,High
8.14,8.33,1,1.95,9,2,9,High
7.04,6.19,0,4.03,2,8,6,Average
5.14,5.31,0,7.8,5,7,5,Average
3.0,4.34,0,7.12,5,6,5,Negative
4.84,5.74,0,6.0,4,6,5,Average
2.67,5.31,0,7.77,1,5,6,Negative
4.75,5.28,1,4.88,9,4,8,High
4.63,8.16,1,4.53,5,5,8,High
7.12,6.03,1,4.68,8,1,6,High
7.28,4.21,0,9.68,6,5,6,Average
1.47,4.05,0,6.36,3,5,6,Negative
2.29,7.0,1,7.56,6,8,5,Negative
8.89,5.8,0,7.23,9,7,7,High
8.68,6.18,0,4.34,5,4,6,High
7.11,6.69,1,6.62,7,4,8,High
4.33,6.4,1,0.5,6,4,4,High
5.08,5.43,1,5.7,10,4,10,High
2.75,7.4,1,6.38,8,3,6,High
6.6,6.85,0,1.88,8,3,8,High
4.78,8.81,0,4.96,3,6,3,Negative
5.18,6.9,0,9.48,6,8,7,Average
5.48,6.67,0,7.83,6,7,6,Average
5.44,6.82,1,1.21,6,4,6,High
7.11,5.95,1,5.88,5,3,8,High
7.24,6.12,1,6.71,4,5,4,Average
6.87,6.37,1,5.25,8,2,8,High
2.49,3.52,1,6.5,1,8,5,Negative
3.11,3.67,0,5.1,4,7,5,Negative
5.22,7.39,0,3.78,9,3,10,High
6.1,6.9,1,11.06,8,5,7,High
9.55,7.9,1,11.42,5,7,7,High
2.52,7.16,0,6.53,5,5,9,Average
3.56,7.92,1,9.06,5,5,6,Average
5.74,6.32,1,3.7,8,6,8,High
6.06,5.8,1,3.43,7,4,5,High
8.12,7.23,1,6.43,6,8,6,High
1.78,5.0,0,5.28,3,8,5,Negative
3.09,7.02,0,5.76,4,7,3,Negative
0.95,7.13,0,0.5,6,1,7,High
8.76,7.41,1,2.72,7,1,10,High
2.86,4.56,0,7.16,2,6,4,Negative
3.56,5.49,1,6.33,6,5,9,High
7.0,7.44,0,4.0,8,4,3,High
6.21,7.69,0,6.09,5,4,5,High
6.3,7.88,1,1.09,6,1,9,High
2.21,7.36,1,9.01,2,8,6,Negative
2.92,6.26,1,7.62,2,6,6,Negative
4.74,6.82,1,7.08,5,6,6,Average
7.0,6.82,0,8.37,8,6,8,High
2.8,6.5,0,5.14,6,4,8,High
4.47,7.87,1,3.66,6,6,7,High
5.87,7.41,1,3.85,9,3,9,High
2.8,6.94,0,7.42,4,4,7,Average
7.79,5.49,0,7.55,4,8,7,Average
7.9,7.48,1,4.12,8,2,9,High
8.16,5.85,1,6.73,4,5,3,Average
6.85,7.73,1,3.67,9,3,9,High
5.95,5.81,0,4.22,7,5,6,High
7.78,7.51,1,2.61,7,1,8,High
9.33,8.32,1,3.33,9,1,9,High
7.53,7.74,1,4.03,10,4,8,High
8.68,8.44,0,9.57,5,2,6,High
6.91,6.3,1,1.17,9,1,9,High
7.49,5.87,1,4.27,8,5,7,High
7.09,7.01,0,7.6,4,6,9,High
6.11,6.68,1,3.15,7,6,6,High
4.31,6.82,0,8.21,5,6,8,Average
4.13,6.62,0,5.13,7,4,6,High
8.8,9.02,1,4.04,6,2,10,High
7.95,5.7,0,6.18,5,8,7,Average
8.66,7.04,1,2.68,7,2,6,High
1.71,9.04,0,3.38,7,8,2,Negative
2.74,4.4,0,3.61,1,6,4,Negative
4.28,7.3,0,4.92,5,4,4,Average
4.88,7.61,1,6.01,6,6,7,High
5.45,8.79,0,5.75,7,4,7,High
2.63,5.95,0,7.5,5,7,7,Average
6.38,5.97,0,5.53,3,10,10,Average
4.09,7.98,1,4.74,4,6,9,High
5.36,6.55,0,9.29,4,8,7,Average
7.14,8.27,0,3.87,9,4,8,High
4.85,6.41,0,5.06,6,5,6,Average
6.81,6.86,0,5.51,7,3,3,High
3.76,4.33,0,5.15,4,9,6,Negative
2.44,7.8,1,5.19,3,5,7,Average
4.25,6.85,0,4.11,6,5,7,High
4.21,6.79,1,8.64,5,6,7,Average
4.51,8.0,0,8.61,4,8,4,Negative
6.18,6.93,0,6.24,7,7,6,Average
7.12,7.93,0,4.24,4,2,7,High
4.76,7.87,1,2.61,8,1,9,High
6.91,6.64,0,5.69,7,5,8,High
4.24,7.23,1,3.37,7,3,5,High
1.51,6.7,1,6.12,5,9,6,Negative
5.98,4.51,0,5.96,7,6,3,Average
6.5,6.67,0,7.22,6,5,9,High
7.0,8.54,1,2.44,7,3,7,High
4.97,4.02,1,2.82,6,3,6,High
2.83,3.3,0,5.95,5,9,4,Negative
5.65,8.77,0,3.61,6,3,8,High
6.53,5.65,1,4.14,8,3,2,High
5.06,7.74,0,7.79,8,6,7,High
5.32,7.51,0,6.17,3,8,9,Average
4.22,7.2,1,5.26,5,6,9,High
7.38,5.66,1,5.2,6,2,9,High
4.23,7.82,0,7.2,8,4,8,High
